0,1,2,3,4,5,6,7,8,9,10,11,12,13,14,15,16,17,18,19,20,21,22,23,24,25,26,27,28,29,30,31,32,33,34,35,36,37,38,39,40,41,42,43,44,45,46,47,48,49,50
1.0,2226.471,6631.797,6306.392999999997,7303.330999999999,952.906,3203.7129999999993,4461.702999999999,1601.1399999999999,4823.599,5644.696,5871.376,2313.048,7605.459,5441.516999999997,5308.235999999998,5061.085,4268.221,1457.1439999999996,7586.196999999997,5312.572,5949.149,7857.694999999996,3811.8419999999996,4800.397,3559.027,5060.369999999999,4094.8379999999993,5036.552999999999,5625.824999999999,1109.021,4178.2919999999995,7683.460999999998,2792.9280000000003,5878.203999999999,7572.1630000000005,2405.629,3646.1910000000003,2176.486,1333.55,7942.546999999996,7878.353999999998,6182.250000000001,6157.1179999999995,4129.744000000001,6126.031999999997,4862.747,5017.7779999999975,479.918,5693.557000000001,3741.67
2.0,2459.8030000000003,5535.459999999999,4903.3629999999985,5750.161,2948.747,2093.9420000000005,3058.672999999999,392.385,2883.27,4534.924999999999,4761.605,1407.2549999999999,6482.715999999999,4038.486999999999,3905.205999999999,3951.3139999999994,3158.4500000000007,2259.6679999999997,6183.167000000001,3831.841,4839.378,6454.664999999998,1915.8839999999998,3397.3669999999997,1617.9989999999998,3657.3399999999997,2691.808,3096.224,4145.094,2609.643,3081.859,6587.124,1389.8980000000001,4475.173999999999,6018.9929999999995,2631.915,1705.1629999999998,2979.0099999999998,3329.391,6539.516999999998,6475.324000000001,5072.478999999999,5047.346999999999,3022.2190000000005,4723.001999999999,3766.41,3614.747999999999,2472.349,4583.785999999999,1800.6419999999998
3.0,1694.0759999999998,6331.615999999999,5670.944999999998,6238.962,2421.2639999999997,2894.504,3826.255,998.672,3372.071,5335.486999999999,5562.1669999999995,2012.678,7250.297999999998,4806.069,4672.7880000000005,4751.876,3959.0120000000006,1493.9409999999998,6817.575,4320.642,5639.94,7203.8020000000015,2360.8569999999995,4164.9490000000005,2106.7999999999997,4424.922,3186.052,3585.025,4633.895,2089.297,3878.1109999999994,7383.279999999998,2190.46,5242.755999999999,6507.794000000001,2113.774,2193.964,2213.283,2801.908,7196.249000000001,7224.461,5873.041000000001,5847.909,3822.781000000001,5490.584,4562.566,4382.329999999999,1948.2759999999998,5384.348,2289.4429999999998
4.0,6659.633999999999,2243.7470000000003,310.32599999999996,1367.207,7029.509999999999,3502.7450000000003,2312.8559999999998,5097.183999999999,2811.5530000000003,1676.5370000000003,1217.681,5008.3060000000005,1530.8909999999998,1244.6779999999999,1406.3960000000002,2252.3219999999997,2573.965,7005.220999999999,1503.5279999999998,1604.906,2537.7100000000005,1775.026,5064.956999999999,2222.975,4073.303,2020.0639999999999,2745.726000000001,2679.1880000000006,1418.8639999999998,6210.694,3738.2419999999997,2830.6769999999997,3902.502,747.256,1608.5509999999997,6119.211,4494.661,7392.765999999999,7259.621999999997,1859.8779999999995,1795.6849999999997,2394.1239999999993,1654.3360000000002,3678.6019999999994,324.892,3915.3319999999994,1802.1559999999997,6401.958999999999,1972.867,3966.226999999999
5.0,6096.668,2158.471,1097.585,2269.669,6139.932999999998,2613.1679999999997,1462.862,4207.606999999999,2248.587,932.8589999999999,745.461,4118.728999999999,2507.7609999999995,393.45599999999996,552.906,1362.745,1684.388,6423.398999999999,2405.99,1314.003,1648.133,2677.4880000000003,4501.990999999999,1345.7649999999999,3510.337,1169.639,2182.7599999999998,2212.936,1325.8390000000002,5321.117,2848.665,2922.354,3012.9249999999997,444.016,2511.013,5229.633999999999,3931.6949999999993,6829.799999999999,6370.044999999998,2762.34,2698.147,1593.073,1217.9119999999998,2789.025,917.2240000000002,3025.755,962.828,5512.382,1083.2900000000002,3403.2609999999995
6.0,5346.356,2795.265,2503.942,3622.4459999999995,4909.158999999999,1382.394,1190.945,2976.8329999999996,1856.1449999999998,1661.656,1888.336,2887.955,3622.419,1538.283,1376.798,1078.0449999999998,453.614,5192.625,3885.727,2006.9579999999999,1966.1089999999997,4157.224999999999,3751.6790000000005,707.519,2676.158,1055.676,1127.384,1918.1619999999998,2198.967,4090.3429999999985,1722.683,3849.0589999999997,1782.1509999999998,2061.629,3891.2779999999993,4103.651999999999,3052.851,5911.967000000001,5139.271,4242.076999999999,4177.883999999999,2199.2099999999996,2174.078,1663.0430000000001,2425.5620000000004,2001.198,1655.783,4281.607999999999,1710.5169999999998,2569.082
7.0,7465.4130000000005,1253.744,1430.0619999999997,2560.813,7392.2959999999985,3746.2679999999996,2741.437,5459.969999999999,3617.3319999999994,1132.391,1159.982,4729.768999999999,1319.665,1875.791,1990.081,1824.3709999999999,2651.112,7675.761999999999,2561.468,2501.8410000000003,1631.974,2021.5280000000005,5870.736,2620.036,4879.081999999999,2446.7079999999996,3532.1859999999992,3576.123,2315.7990000000004,5936.8150000000005,3310.291,1840.852,4265.288,1433.271,2802.1569999999997,5691.2599999999975,5300.44,8198.544999999996,7360.297,2796.5580000000004,2732.365,1396.4219999999998,652.371,3250.6510000000003,1526.904,3008.4339999999993,2400.003,6502.633999999999,1131.157,4772.006
8.0,6432.4039999999995,2607.6,674.1790000000001,1251.927,7272.542999999997,3866.5980000000004,2123.882,5011.289999999998,2584.323000000001,2040.3899999999999,1581.534,5372.159,1790.9690000000003,1441.23,1602.948,2616.1749999999997,2937.818,6777.990999999998,1388.248,1377.676,2901.5630000000006,1659.7459999999996,4837.727,2331.054,3846.0730000000003,1943.346,2518.4960000000005,2451.958,1191.634,6574.547000000001,4102.095,3194.529999999999,4145.535,1111.1090000000002,1493.271,6483.064,4267.431,7165.535999999999,7623.474999999998,1744.598,1680.4049999999997,2757.9769999999994,2018.1889999999999,4042.4549999999995,508.86599999999993,4279.184999999999,1574.926,6765.811999999999,2336.7200000000003,3738.9969999999985
9.0,6985.193999999999,2894.186,960.7649999999999,795.478,7679.949,4153.184,2676.6719999999996,5564.079999999997,3137.113,2326.9759999999997,1868.12,5658.745,1240.6280000000002,1895.1169999999997,2056.8349999999996,2902.761,3224.404,7330.780999999998,837.907,1930.4660000000001,3188.149,1109.4049999999997,5390.517,2873.414,4398.863,2496.136,3071.2860000000005,2920.752,1659.6589999999999,6861.133000000002,4388.681,3481.115999999999,4552.941000000001,1397.695,959.6590000000001,6769.650000000001,4820.221,7718.325999999996,7910.060999999998,1194.257,1130.0639999999999,3044.5629999999996,2304.775,4329.040999999999,975.3309999999999,4565.770999999999,2127.716,7052.397999999999,2623.306,4291.786999999998
10.0,5695.407,2397.288,891.472,1895.0809999999997,6504.241999999999,3265.539,1355.581,4274.293,1847.326,1455.494,996.638,4771.1,2470.825,584.9449999999999,746.663,2015.8869999999997,2336.7590000000005,6040.994,2171.276,640.6790000000001,2301.275,2442.774,4100.73,1562.753,3109.0759999999996,1062.789,1781.4989999999998,1714.961,467.411,5973.488000000001,3501.8069999999993,3020.3210000000004,3377.2340000000004,463.28299999999996,2163.913,5882.776,3530.4339999999993,6428.539000000001,6884.885999999999,2527.6259999999997,2463.4329999999995,2173.0809999999997,1456.7290000000003,3442.1670000000004,711.111,3678.897,837.929,6027.843999999999,1736.4320000000002,3001.999999999999
11.0,4435.009000000001,3498.605,2728.1949999999997,3725.1329999999994,4529.952,1484.027,883.505,2597.6259999999997,1245.4009999999998,2364.996,2591.6760000000004,2988.2560000000003,4307.548,1863.319,1730.0380000000002,1781.385,988.521,4439.405,4007.9990000000007,1734.3739999999996,2669.449,4279.497,2840.332,1222.199,1826.162,1482.1719999999998,516.64,1458.3549999999998,2047.6269999999997,4190.644,1834.9529999999997,4552.399,1402.944,2300.006,3993.9649999999992,4205.606,2247.5199999999995,5158.747,4910.595999999999,4364.349,4300.156000000001,2902.55,2877.418,1775.3130000000003,2547.834,2487.761,1439.58,4053.5539999999983,2413.8570000000004,1719.086
12.0,3398.196,4747.876999999999,3980.655999999999,4977.594,3277.3909999999996,1173.2850000000003,2135.966,1345.0649999999998,2497.862,3614.268,3840.9480000000003,1735.695,5560.009,3115.7799999999997,2982.499,3030.657,2237.7929999999997,3198.0610000000006,5260.460000000001,2986.835,3918.7209999999995,5531.958,1886.7239999999997,2474.6599999999994,1235.401,2734.633,1769.1009999999999,2710.8160000000003,3300.0879999999997,2938.083,2161.202,5801.671000000001,467.191,3552.467,5246.4259999999995,2953.045,1322.7530000000002,3917.4029999999993,3658.035,5616.8099999999995,5552.617000000001,4151.821999999999,4126.69,2101.5620000000004,3800.2949999999996,3021.422,2692.0409999999997,2800.993,3663.129,1417.454
13.0,2638.552,5174.879,4542.781999999998,5539.72,2873.794,1733.3610000000003,2698.091999999999,571.134,3059.9879999999994,4174.344,4401.023999999999,1332.302,6122.135,3677.9059999999995,3544.6249999999995,3590.7329999999993,2797.8690000000006,2438.417,5822.586000000001,3548.961,4478.796999999999,6094.083999999999,2094.582,3036.7859999999996,1796.6970000000001,3296.7589999999996,2331.227,3272.9420000000005,3862.2139999999995,2534.69,2721.278,6226.542999999999,1029.317,4114.593,5808.552000000001,2556.962,1883.861,3157.7589999999996,3254.438,6178.935999999999,6114.743000000001,4711.897999999998,4686.765999999999,2661.638,4362.420999999999,3405.8289999999997,3254.1669999999995,2397.3959999999997,4223.205000000001,1979.34
14.0,4825.368,2849.391,1739.1609999999998,2520.794,5772.508000000001,2702.8749999999995,619.097,3404.2539999999995,977.2869999999999,1649.78,1692.5399999999997,4208.436,3318.5139999999997,874.285,741.0040000000001,1896.724,1774.0949999999998,5170.954999999999,3018.965,543.0,2295.616,3290.463,3230.691,957.7910000000002,2239.0370000000003,1055.1680000000001,911.4599999999999,941.6359999999999,856.2529999999999,5410.8240000000005,3051.717,3868.01,2645.5,1310.972,2789.626,5425.7390000000005,2660.395,5558.5,6153.152,3375.315,3311.1220000000003,2240.556,2164.9910000000004,2992.077,1558.7999999999997,3353.263,450.546,5296.11,1730.7730000000004,2131.9610000000002
15.0,5119.360000000001,2944.3,2466.7779999999993,3463.716,4790.184,1720.5510000000002,622.088,2857.8579999999993,1331.4160000000002,1810.6909999999998,2037.371,3226.112,3771.4539999999997,1452.776,1291.2910000000002,1227.08,791.771,5073.6500000000015,3746.5820000000012,1472.9569999999997,2115.1440000000002,4018.0799999999995,3524.683,622.012,2533.029000000001,970.169,900.3879999999999,1348.8039999999999,1786.21,4428.499999999999,2069.3929999999996,3998.0939999999996,1663.176,1976.122,3732.547999999999,4443.414999999999,2933.8759999999997,5792.992000000001,5170.827999999999,4102.932,4038.739,2348.245,2323.113,2009.753,2286.417,2370.939,1178.163,4313.785999999999,1859.552,2425.9529999999995
16.0,2054.811,6311.584999999999,6134.732999999997,7131.670999999999,1125.854,2882.9689999999996,4290.042999999998,1429.48,4651.939,5323.951999999999,5550.632,1992.836,7284.715000000001,5269.856999999998,5136.575999999998,4740.340999999999,3947.477,1576.2169999999996,7414.5369999999975,5140.912,5628.405000000001,7686.034999999996,3640.182,4628.737,3387.367,4888.709999999999,3923.1779999999994,4864.892999999999,5454.164999999999,788.809,3858.079999999999,7363.248999999999,2621.2680000000005,5706.543999999999,7400.503000000001,2088.7609999999995,3474.531,2295.5589999999997,1506.498,7770.886999999996,7706.693999999999,5861.506,5836.374,3809.5319999999997,5954.371999999998,4542.535,4846.117999999999,651.03,5372.813,3570.01
17.0,8358.444,3246.7309999999998,2140.2709999999997,2013.6370000000002,8859.455,5332.6900000000005,4142.8009999999995,6927.129,4629.339,2916.227999999999,2626.379,6513.605999999996,1114.735,3074.6229999999996,3236.341,3608.208,4256.942,8823.007,904.4189999999999,3422.692,3718.6730000000007,468.89799999999997,6763.766999999998,4052.9199999999996,5891.088999999999,3850.008999999999,4563.512,4236.486,3151.8849999999998,7720.652,5094.128000000001,3634.7719999999995,5732.447,2577.201,1277.5999999999997,7475.096999999998,6312.446999999999,9091.576000000001,8966.127,596.0419999999999,531.8489999999999,3483.1209999999996,2739.0699999999997,5034.488,2154.837,5095.133,3619.941999999999,8108.463999999999,3217.8559999999993,5784.013
18.0,8492.879,3363.2529999999992,2274.706,2148.072,8993.89,5467.125000000001,4277.236,7061.563999999999,4763.773999999999,3050.6629999999996,2760.8140000000003,6648.040999999997,1099.739,3209.057999999999,3370.776,3742.643,4391.3769999999995,8957.442,1038.854,3557.1269999999995,3853.1080000000006,603.333,6898.201999999998,4187.355,6025.523999999999,3984.4439999999995,4697.946999999999,4370.921,3286.3199999999997,7855.087000000001,5228.563,3565.269,5866.882,2711.636,1412.0349999999999,7609.531999999999,6446.881999999999,9226.010999999999,9100.562,730.4770000000001,666.284,3617.5560000000005,2873.504999999999,5168.923,2289.272,5229.567999999999,3754.3769999999995,8242.899,3352.2909999999993,5918.448
19.0,6743.809,999.5699999999999,1779.297,3464.7320000000004,6670.691999999998,3024.6639999999998,2019.833,4738.365999999999,2895.7279999999996,636.2639999999999,988.812,3951.346,2410.9990000000003,1560.309,1268.4769999999996,1045.9479999999999,1929.508,6954.157999999999,3601.053,2029.5739999999998,599.962,3112.8619999999996,5149.132,1898.4319999999998,4157.478,1725.1039999999998,2810.5819999999994,2860.0769999999998,2221.583,5158.392,2531.868,2066.755,3543.6839999999993,1644.899,3706.076,4912.836999999999,4578.835999999999,7476.940999999999,6638.6929999999975,3887.8920000000007,3823.698999999999,544.902,433.43500000000006,2472.2280000000005,2116.941,1977.5840000000003,1678.3989999999997,5781.029999999999,270.46799999999996,4050.4019999999987
20.0,6994.74,1908.551,666.2249999999999,2226.293,7143.246,3616.481,2469.5149999999994,5210.92,3146.6589999999997,1214.06,792.946,4811.437999999999,1417.087,1508.755,1627.989,1906.0399999999997,2554.7739999999994,7340.326999999998,2362.6140000000005,1940.012,2163.8680000000004,2018.5210000000002,5400.062999999999,2349.787,4408.409,2176.292,3080.832000000001,3014.294,1753.9699999999996,6018.484,3391.96,2495.6590000000006,4016.2380000000003,1014.2410000000001,2467.637,5772.928999999999,4829.767,7727.871999999998,7263.958999999999,2718.9640000000004,2654.7710000000006,1928.316,1131.772,3332.3200000000006,1003.869,3540.328,2037.9109999999998,6406.2959999999985,1607.271,4301.332999999999
21.0,1049.3439999999998,6990.497999999999,5912.173000000001,6089.065,3079.146,3549.6959999999995,4236.398999999999,1655.998,3320.8869999999997,5905.307999999999,6007.292999999999,2670.868,7483.697000000002,5189.038,5055.757,5360.217999999999,4614.204,1670.1660000000002,6667.677999999998,4608.102999999998,6209.760999999999,7352.474,1681.703,4575.093,2424.211,4835.066,3596.195999999999,3727.8139999999985,4921.355999999999,2747.178999999999,4536.9929999999995,8042.161999999998,2845.6520000000005,5625.724999999999,6357.896999999999,2772.8489999999997,1587.502,1656.7769999999998,3459.7900000000004,7046.351999999998,7231.602999999998,6442.861999999999,6417.73,4477.973000000001,5731.812,5221.447999999999,4765.298999999998,2606.158,5954.168999999999,2317.1349999999998
22.0,4715.96,3351.3489999999993,2393.5209999999997,2990.289,5537.717999999999,2475.1150000000002,548.8309999999999,2989.7819999999997,901.246,2217.7400000000002,2346.9,3980.676,3972.8740000000003,1528.645,1395.364,1672.65,1546.335,4756.483,3568.9019999999996,1058.0099999999998,2522.1929999999998,3941.1699999999996,3121.283,887.5250000000001,2129.629,1147.498,496.988,865.5949999999999,1371.263,5183.064,2823.9570000000003,4405.142999999999,2416.2619999999997,1965.3319999999999,3259.121,5197.979,2550.9869999999996,5449.092,5918.362,3947.576,3961.8289999999997,2755.2940000000003,2730.1620000000003,2764.317,2213.1600000000003,3125.503,1104.906,5064.7300000000005,2266.601,2022.5529999999999
23.0,4453.3330000000005,3658.373999999999,2696.5209999999997,3223.5379999999996,5716.135999999999,2653.5329999999994,855.856,3168.2,605.252,2524.765000000001,2653.9249999999997,4159.093999999999,4275.873999999999,1835.67,1702.3890000000001,2075.068,1724.753,4934.901,3802.1509999999994,1305.2179999999998,2829.218,4188.378,2858.656000000001,1194.55,1867.002,1454.5230000000001,675.406,569.6009999999999,1618.471,5361.482,3002.375,4712.168,2594.68,2272.357,3492.37,5376.397000000001,2288.3599999999997,5186.465,6096.78,4180.825,4209.037,3062.319,3037.187,2942.735,2516.16,3303.921,1411.931,5243.148000000001,2573.6259999999997,1759.926
24.0,5456.611000000001,2678.2129999999997,2007.4199999999996,3023.9429999999998,5264.649,2054.875,751.902,3332.3229999999994,1668.6669999999997,1544.604,1703.536,3560.4359999999997,3469.9629999999997,939.78,778.2950000000001,1120.1170000000002,1126.095,5497.134000000001,3287.224,1408.455,1849.057,3558.7219999999993,3861.9340000000007,323.16,2870.28,457.173,1237.639,1686.0549999999998,1600.464,4762.823999999999,2300.881,3732.006999999999,2137.6409999999996,1463.126,3292.774999999999,4681.85,3291.6380000000004,6189.742999999999,5645.292999999999,3643.5739999999996,3579.381,2082.1579999999994,2057.0260000000003,2241.241,1827.0590000000002,2578.969,1057.28,4788.250999999999,1593.4650000000001,2763.2039999999997
25.0,6046.780999999999,2258.1850000000004,779.7059999999999,1796.2289999999998,6644.538999999999,3128.955,1515.768,4625.666999999999,2198.7000000000003,1316.391,857.535,4634.5160000000005,2317.678,447.59,609.308,1878.532,2200.1749999999997,6392.367999999999,2059.5099999999993,992.053,2163.9199999999996,2331.0079999999994,4452.104,1703.05,3460.45,1222.9759999999999,2132.8729999999996,2066.335,806.011,5836.904,3364.4519999999998,2881.218,3517.531,324.18,2065.0609999999997,5745.420999999999,3881.807999999999,6779.913,6885.831999999998,2415.8599999999997,2351.6669999999995,2033.9779999999996,1317.6260000000002,3304.8120000000004,599.345,3541.5419999999995,1014.751,6028.169,1599.077,3353.3739999999993
26.0,4864.649,3206.7369999999996,2248.9089999999997,3105.6110000000003,5557.63,2487.9970000000003,404.21899999999994,3216.6969999999997,1016.568,2073.1279999999997,2202.2879999999996,3993.558,3828.262,1384.033,1250.752,1681.8460000000002,1559.2169999999999,4983.398,3528.7130000000006,1173.332,2377.581,3800.211,3269.972,742.913,2278.3179999999998,1002.886,723.903,980.9169999999999,1486.585,5195.946,2836.839,4260.531,2430.622,1820.7199999999998,3374.4429999999993,5210.861,2699.676,5597.781,5938.273999999999,3885.063,3820.8700000000003,2610.6820000000002,2585.55,2777.199,2068.548,3138.3849999999998,960.2939999999999,5081.232,2121.989,2171.2419999999997
27.0,2739.9060000000004,5107.6759999999995,5130.404,6576.595999999999,2161.23,1847.1349999999998,3734.9679999999994,876.0419999999999,4096.864,4288.1179999999995,4514.798,788.0459999999999,6248.881000000002,4549.062999999998,4353.969999999999,3691.7069999999994,2911.6430000000005,2539.7709999999997,6818.148,4585.8369999999995,4592.570999999999,6850.3150000000005,3091.005,3718.2989999999995,2834.403,4066.456,3368.1029999999996,4309.817999999999,4899.089999999999,1338.7649999999999,2654.171,6159.339999999999,1602.6139999999996,4856.174,6845.427999999999,1362.657,2921.755,3259.113,2058.973,7174.498,7110.305,4825.671999999999,4800.539999999998,2604.7419999999997,5329.3820000000005,3338.6259999999993,4291.043,1201.3099999999997,4336.978999999999,3016.455999999999
28.0,5407.129000000001,3192.557,1292.9920000000002,1705.317,6856.203999999999,3786.5710000000004,1707.543,4496.417999999999,1845.6549999999997,2252.7099999999996,1793.8539999999998,5292.132,2872.3449999999993,1383.9089999999999,1405.0710000000001,2674.2949999999996,2857.791,6195.370000000001,2283.93,751.547,2959.683,2784.8489999999997,3812.452,1914.715,3119.1769999999997,1719.2350000000001,2003.6239999999998,1285.1709999999998,476.83299999999997,6494.5199999999995,4135.4130000000005,3779.665,3729.196,1257.086,1974.149,6509.434999999999,3540.535,6140.260999999999,7236.847999999999,2662.6040000000003,2805.5079999999994,2904.6229999999996,2253.9449999999997,4075.7730000000006,1112.631,4337.304999999999,1084.4180000000001,6379.806,2394.84,3012.1009999999997
29.0,8244.563999999998,1167.301,2069.1490000000003,3052.0769999999998,8171.446999999999,4525.418999999999,3520.5879999999993,6239.120999999999,4396.482999999999,1911.5419999999997,1939.133,5502.513999999998,1225.2259999999999,2654.942,2769.2320000000004,2597.1159999999995,3430.2629999999995,8454.912999999999,2690.6419999999994,3280.9920000000006,2033.0209999999997,2150.7019999999998,6649.886999999998,3399.187,5658.232999999999,3225.8589999999995,4311.3369999999995,4355.273999999999,3094.9500000000003,6709.56,3938.2889999999993,1555.342,5044.4389999999985,2212.422,3063.8229999999994,6464.004999999998,6079.590999999999,8977.695999999998,8139.447999999999,2925.7319999999995,2861.5389999999993,1949.0930000000003,1398.216,4023.396,2165.9910000000004,3104.7129999999997,3179.154,7281.784999999998,1877.0020000000002,5551.156999999999
30.0,4622.700000000001,3417.866,2021.5320000000002,2198.4240000000004,6096.128000000001,3026.4950000000003,973.823,3711.988999999999,1061.226,2218.2549999999997,2261.015,4532.0560000000005,3593.0559999999996,1442.7599999999998,1309.4789999999998,2220.344,2097.7149999999997,5410.941000000002,2777.0370000000003,777.142,2864.0909999999994,3461.8329999999996,3028.023,1312.5170000000003,2334.748,1572.49,1219.195,500.74199999999996,1090.395,5734.444000000001,3375.337,4436.484999999999,2969.12,1879.4469999999997,2467.2560000000003,5749.359,2756.1059999999998,5355.831999999999,6476.772,3155.7110000000002,3340.9619999999995,2809.0309999999995,2733.4659999999994,3315.6970000000006,1841.1710000000003,3676.8829999999994,1019.021,5619.73,2299.248,2227.672
31.0,5076.1410000000005,2747.997,2439.013,3455.535999999999,4738.62,1302.863,1024.035,2806.2939999999994,1585.9299999999998,1614.388,1841.068,2808.424,3575.151,1371.373,1209.888,1030.7769999999998,374.08299999999997,5022.086,3718.8169999999996,1840.048,1918.8409999999997,3990.314999999999,3481.4640000000004,540.6089999999999,2489.81,888.766,857.1689999999999,1751.2519999999997,2032.0569999999998,4010.8119999999985,1651.705,3801.7909999999997,1611.6119999999996,1894.719,3724.367999999999,4025.726999999998,2882.312,5741.428000000001,5059.74,4075.1669999999995,4010.9739999999993,2151.9419999999996,2126.81,1592.065,2258.6519999999996,1953.251,1488.8729999999998,4202.076999999999,1663.2489999999998,2382.7339999999995
32.0,6872.920999999999,1008.606,1357.975,3043.4100000000008,6799.803999999999,3153.776,2148.9449999999997,4867.478,3024.8399999999992,528.285,567.49,4091.703,2109.8759999999997,1283.299,1397.589,1186.3049999999998,2058.62,7083.2699999999995,3179.731,2158.686,1019.951,2711.3099999999995,5278.244,2027.5439999999999,4286.59,1854.216,2939.694,2989.1889999999994,2106.105,5298.749000000001,2672.225,2075.791,3672.7959999999994,1223.577,3284.7540000000004,5053.1939999999995,4707.947999999999,7606.052999999997,6767.804999999999,3486.3399999999992,3422.146999999999,784.399,353.549,2612.5849999999996,1695.6190000000001,2396.4109999999996,1807.5109999999997,5910.141999999999,466.191,4179.513999999999
33.0,7750.678999999998,1837.5819999999999,1422.164,2376.231,7776.916999999999,4130.889,3126.058,5844.590999999999,3902.597999999999,1695.0189999999998,1544.6029999999998,5292.396999999998,549.38,2260.4119999999994,2374.702,2386.999,3035.733,8060.383,2014.7959999999998,2695.9510000000005,2367.205,1474.856,6156.002,3004.657,5164.348,2831.329,3836.7710000000006,3770.2329999999997,2509.9089999999997,6499.443,3872.9190000000003,2039.5980000000002,4649.908999999999,1770.1799999999998,2387.9770000000003,6253.887999999998,5585.706,8483.810999999996,7744.917999999999,2249.886,2185.6929999999998,2131.6530000000002,1436.81,3813.2790000000005,1519.006,3743.664999999999,2784.6240000000003,6887.254999999997,1915.5960000000002,5057.272
34.0,3543.7459999999996,6563.798999999999,6789.561999999998,8340.984999999997,702.7529999999999,3734.434999999999,5798.280999999998,2939.355,6141.573000000001,5787.469999999999,6014.15,2245.0499999999997,7748.232999999998,6287.338,6013.128,5148.710999999998,4534.163999999999,2703.343,8477.305999999997,6649.149999999998,6091.922999999997,8349.667,5129.117,5456.574,4876.302,5804.731,5431.415999999998,6354.526999999999,6948.021999999999,1041.023,4110.293999999999,7615.462999999998,3665.926999999999,6515.332,8582.328999999998,2333.869,4963.465999999999,3492.5409999999997,483.36799999999994,8833.655999999999,8769.462999999998,6325.023999999999,6299.891999999999,4061.7459999999996,6988.539999999999,4794.749000000001,6354.355999999997,862.417,5836.330999999999,5058.945
35.0,6892.503000000001,1431.979,738.251,2423.6860000000006,6819.3859999999995,3173.358,2168.527,4887.0599999999995,3044.4219999999996,737.4879999999999,587.0719999999999,4334.865999999999,1442.8220000000001,1302.8809999999999,1417.171,1429.4679999999998,2078.202,7102.852,2560.0069999999996,1928.931,1687.2959999999998,2044.2560000000003,5297.826,2047.1260000000002,4306.172,1873.798,2959.276,3003.213,1742.889,5541.912000000001,2915.388,2019.087,3692.3779999999992,860.3609999999999,2665.0299999999997,5296.356999999998,4727.53,7625.634999999999,6787.386999999999,2819.2859999999996,2755.0929999999994,1451.7440000000001,655.1999999999999,2855.748,1075.895,3063.7559999999994,1827.0929999999998,5929.723999999999,1130.699,4199.096
36.0,6751.0560000000005,1523.443,853.312,2538.7470000000003,6677.938999999999,3031.9109999999996,2027.0800000000002,4745.612999999999,2902.9750000000004,608.3589999999999,445.625,4205.737,1584.269,1161.4339999999997,1275.724,1300.339,1936.755,6961.405,2675.0679999999998,1787.484,1561.4979999999996,2185.703,5156.379,1905.679,4164.724999999999,1732.3509999999999,2817.8289999999997,2861.766,1601.442,5412.783000000001,2786.258999999999,2110.551,3550.930999999999,718.9139999999999,2780.091,5167.227999999999,4586.083,7484.187999999999,6645.939999999999,2960.7329999999997,2896.54,1325.946,609.5939999999999,2726.6189999999997,1190.956,2937.9579999999996,1685.6459999999997,5788.277,1001.5699999999998,4057.6489999999994
37.0,7488.99,1257.367,1591.2459999999999,2892.981,7415.873,3769.845,2765.0139999999997,5483.547,3640.9089999999987,1155.9679999999998,1183.559,4746.94,1651.833,1899.3679999999997,2013.6579999999997,1841.5419999999995,2674.689,7699.338999999999,2893.636,2525.4179999999997,1628.649,2353.6960000000004,5894.312999999999,2643.613,4902.659,2470.2849999999994,3555.7629999999995,3599.6999999999994,2339.376,5953.986000000001,3327.462,1844.4750000000001,4288.864999999999,1456.8479999999997,3134.325,5708.430999999999,5324.017,8222.121999999998,7383.874,3128.7259999999997,3064.5329999999994,1393.0970000000002,642.642,3267.822,1859.0720000000001,3005.108999999999,2423.58,6526.210999999998,1121.428,4795.583
38.0,7055.177000000001,985.6079999999998,1157.433,2842.868,6982.0599999999995,3336.0319999999997,2331.201,5049.7339999999995,3207.0959999999995,722.155,749.7459999999999,4313.1269999999995,1791.944,1465.555,1579.8449999999998,1407.729,2240.876,7265.526,2979.189,2091.605,1240.9250000000002,2489.8239999999996,5460.5,2209.8,4468.846,2036.4720000000002,3121.9499999999994,3165.8869999999993,1905.5629999999999,5520.173000000001,2893.6489999999994,1572.7160000000001,3855.0519999999988,1023.0349999999999,3084.212,5274.6179999999995,4890.204,7788.308999999998,6950.061,3264.8539999999994,3200.660999999999,1005.373,208.829,2834.0090000000005,1495.0770000000002,2617.3849999999993,1989.7669999999996,6092.397999999999,687.615,4361.7699999999995
39.0,3729.265999999999,7199.815999999998,7379.236999999997,8825.429,571.439,4095.9680000000003,5983.800999999999,3124.8749999999995,6327.093000000002,6423.487,6650.166999999999,2881.0669999999996,8384.249999999998,6797.895999999999,6602.802999999998,5784.728,5160.476,2888.8629999999994,9066.981,6834.669999999997,6727.939999999998,8985.684000000001,5314.637000000001,5967.131999999999,5061.822,6315.288999999997,5616.936,6540.047,7147.922999999998,1677.0400000000002,4746.311,8251.479999999998,3851.4469999999997,7105.006999999999,9094.260999999999,2970.128,5148.986,3678.0609999999992,352.054,9423.330999999998,9359.137999999997,6961.040999999999,6935.908999999999,4697.762999999999,7578.214999999997,5430.766,6539.8759999999975,1047.937,6472.347999999999,5244.465
40.0,2479.57,5371.038,4738.940999999999,5731.436000000001,3060.6699999999996,1929.52,2894.2509999999993,512.7339999999999,2864.545,4370.503,4597.183,1527.604,6318.293999999999,3874.0649999999996,3740.7839999999997,3786.8919999999994,2994.0280000000002,2279.435,6018.745,3745.12,4674.955999999999,6290.242999999999,1897.159,3232.9449999999997,1599.274,3492.9179999999997,2527.386,3077.499,4058.3729999999996,2728.3239999999996,2917.437,6422.701999999999,1225.4759999999997,4310.7519999999995,6000.268,2752.216,1686.4379999999999,2998.777,3441.3140000000003,6375.094999999998,6310.902000000001,4908.057,4882.924999999998,2857.797,4558.579999999999,3601.988,3450.3259999999996,2587.682,4419.364,1781.9170000000001
41.0,6177.361,1985.9119999999998,938.838,2350.3619999999996,6220.625999999999,2693.861,1543.5549999999998,4288.299999999999,2329.28,1013.5519999999999,585.262,4199.422,2191.3509999999997,474.14899999999994,633.5989999999999,1443.4379999999999,1765.081,6504.091999999999,2486.6829999999995,1394.6960000000001,1728.826,2758.1810000000005,4582.683999999999,1426.458,3591.03,1250.332,2263.453,2293.6290000000004,1406.532,5401.81,2929.358,2608.9449999999997,3093.618,524.7090000000001,2591.7059999999997,5310.326999999998,4012.3879999999995,6910.492999999999,6450.7379999999985,2843.0329999999994,2778.84,1673.766,1045.3529999999998,2869.718,997.9170000000001,3106.4480000000003,1043.5210000000002,5593.075,1163.9830000000002,3483.9539999999997
42.0,4413.545,3726.488999999999,4040.786999999999,5592.209999999999,3876.584,991.382,3191.2249999999995,1944.2579999999998,3563.8569999999995,3038.6949999999993,3265.375,934.572,4999.457999999999,3538.562999999999,3264.3530000000005,2399.9359999999997,1785.3890000000001,4213.41,5728.530999999999,4007.2379999999994,3092.3900000000003,5600.891999999999,2944.668,2707.799,2301.396,3055.9559999999997,2835.096,3776.811,4199.2469999999985,2141.618,1094.1019999999999,4778.152999999999,1069.539,3766.5569999999993,5833.553999999997,1896.0629999999999,2388.7479999999996,4932.751999999999,3659.5369999999994,6084.880999999998,6020.687999999998,3325.6929999999998,3337.111,1312.971,4239.765,1957.4389999999999,3656.062999999999,2801.874,2873.5499999999997,2483.4489999999996
43.0,1889.806,8196.244999999999,7376.270999999995,7883.108999999999,2662.18,4761.762999999999,5531.580999999998,2865.931,5077.397,7200.489999999998,7329.649999999999,3877.495999999999,8955.623999999998,6511.394999999998,6378.114,6619.134999999999,5826.271,776.975,8461.721999999998,6025.967999999998,7504.942999999999,8909.128,3475.7469999999994,5870.275,3812.1259999999984,6130.247999999998,4891.378,5290.351,6339.220999999999,2673.4689999999996,5742.739999999999,9247.908999999996,4057.718999999999,6948.081999999997,8151.940999999997,3973.4209999999985,3381.5460000000003,1043.077,3042.824,8840.395999999999,8929.787,7738.043999999999,7712.9119999999975,5690.04,7195.909999999997,6427.194999999999,6087.655999999998,2189.192,7249.350999999999,3994.7689999999984
44.0,7941.617,4055.5289999999995,2231.253999999999,1596.81,8950.438,5423.673000000001,4121.119000000001,7008.526999999997,4380.143,3583.512,3124.656,6929.233999999999,1923.533,3165.6059999999998,3327.3239999999996,4173.249999999999,4494.892999999999,8729.858,940.7389999999999,3286.035,4458.638000000001,1188.1970000000001,6346.939999999999,4143.903,5653.664999999999,3940.5830000000005,4515.733,3819.659,2861.2750000000005,8131.622000000001,5659.169999999999,4443.57,5823.4299999999985,2668.1839999999993,860.7729999999999,8040.138999999998,6075.022999999998,8674.748999999998,9180.549999999997,188.016,373.26699999999994,4291.919,3547.8679999999995,5599.529999999999,2245.8199999999997,5836.259999999997,3572.1629999999996,8322.886999999999,3893.7949999999987,5546.589
45.0,3544.1000000000004,4384.914,3427.085999999999,3995.103,5195.045,2159.5299999999997,1582.396,2647.4559999999997,1128.212,3251.3050000000007,3380.465,3662.3259999999996,5006.439,2562.21,2428.9290000000005,2706.215,1962.884,3787.187,4573.715999999999,2076.7829999999994,3555.7580000000003,4959.943000000001,1959.529,1921.0899999999997,710.994,2181.063,942.193,1341.1660000000002,2390.036,4863.046,2511.07,5438.7080000000005,2078.4469999999997,2998.897,4263.9349999999995,4881.109,1132.3519999999999,4151.532999999999,5575.688999999999,4952.389999999999,4980.602,3788.8590000000004,3763.7270000000008,2451.4300000000003,3246.7249999999995,3164.4259999999995,2138.471,4722.057000000001,3300.166,603.918
46.0,1881.117,6163.397999999998,5254.542999999998,5636.1179999999995,3530.089,2721.846,3409.853,984.297,2867.94,5078.762,5207.922,1999.167,6833.895999999998,4389.6669999999995,4256.3859999999995,4533.672,3786.3540000000003,2122.231,6214.730999999999,3904.2400000000002,5383.214999999999,6787.4,1280.963,3748.5469999999996,1690.398,4008.519999999999,2769.6499999999996,3168.623,4217.493,3198.122,3709.763000000001,7215.061999999999,2017.8019999999997,4826.353999999999,5904.949999999999,3222.599,1134.555,2488.5499999999997,3910.733,6593.404999999999,6778.655999999997,5616.316,5591.1839999999975,3650.1230000000005,5074.182,4394.348000000001,3965.928,3057.1009999999997,5127.6230000000005,1864.1879999999999
47.0,2729.762,5201.534000000001,4074.79,4251.681999999999,5070.879,2035.364,2399.0159999999996,2523.29,1483.504,4067.925,4169.91,3538.1599999999994,5646.314,3351.6549999999997,3218.3739999999993,3522.834999999999,2779.504,3663.0209999999997,4830.294999999998,2770.72,4372.378,5515.090999999999,1168.62,2737.71,586.828,2997.683,1758.813,1890.431,3083.9730000000004,4738.879999999999,3023.2809999999995,6255.328,1954.281,3788.342,4520.513999999999,4756.943,1008.1859999999999,3337.1949999999997,5451.522999999999,5208.968999999999,5394.219999999999,4605.479,4580.347,2963.6409999999996,3894.429,3685.8479999999995,2927.916,4597.891,4116.786,479.752
48.0,4484.054,3333.487999999999,4359.717,5911.14,3944.481999999999,1383.0439999999999,3530.463999999999,2012.1559999999997,3955.5189999999993,3020.9849999999997,3524.600999999999,1000.805,5097.132,3875.115,3583.283000000001,2508.6229999999996,2176.056,4283.919,6047.461000000001,4344.379999999999,2874.0289999999995,5798.6410000000005,3016.448,3047.038,2693.058,3395.1949999999997,3226.758,4168.473,4536.388999999999,2207.851,875.741,4385.151999999999,1461.2009999999998,4085.4869999999996,6152.4839999999995,1962.2959999999998,2780.41,5003.2609999999995,3725.7699999999995,6403.810999999999,6339.6179999999995,3107.3320000000003,3118.75,1272.605,4558.695,1564.4379999999996,3993.2050000000004,2868.107,2655.189,2875.111
49.0,5930.951,1746.9450000000002,1168.6969999999997,2720.12,5970.875999999999,2444.111,1297.1449999999998,4038.549999999999,2082.8700000000003,547.3340000000001,614.9440000000001,3813.1800000000003,2381.3709999999996,684.0949999999999,392.263,907.7819999999999,1510.789,6254.341999999999,2856.441,1153.3600000000001,1193.17,2982.805,4336.273999999999,1177.417,3344.6199999999994,1003.9220000000001,2017.0429999999997,2047.2190000000003,1345.369,5020.226000000001,2393.7019999999998,2791.836999999999,2843.8679999999995,894.4670000000001,2961.464,4774.670999999999,3765.9779999999987,6664.082999999999,6200.9879999999985,3212.7909999999993,3148.5979999999995,1138.11,1087.3950000000002,2334.062,1367.6750000000002,2570.7919999999995,802.185,5343.324999999999,628.327,3237.543999999999
50.0,3737.377,4207.34,3916.016999999999,5362.277,3202.035,632.748,2520.649,1269.709,2882.5449999999996,3073.7309999999998,3300.411000000001,1511.967,5034.494,3334.6759999999986,3139.583,2490.1200000000003,1697.256,3537.2419999999997,5603.761000000001,3371.5179999999996,3378.1839999999993,5635.928,2268.5,2503.9119999999994,1620.084,2852.069,2153.784,3095.4990000000003,3684.771,2714.355,1620.665,5261.134000000001,388.227,3641.7869999999994,5631.1089999999995,2729.27,1707.436,4256.584,3582.679,5960.110999999999,5895.918000000001,3611.284999999999,3586.152999999999,1561.025,4114.995,2491.799,3076.7239999999997,2725.637,3122.5919999999996,1802.137
51.0,5695.504,1957.9619999999993,1372.0189999999998,2839.064999999999,5884.806,2369.2219999999998,1061.6979999999999,3952.479999999999,1847.423,758.3509999999999,825.961,3874.783,2592.387999999999,754.902,434.464,1118.799,1440.442,6041.091,2976.642,1224.1670000000001,1404.187,3193.8219999999997,4100.827,943.317,3109.173,768.475,1781.5959999999998,1811.7720000000002,1416.176,5077.171,2604.7189999999996,3002.854,2757.798,1014.668,3081.665000000001,4985.687999999999,3530.530999999999,6428.6359999999995,6126.098999999998,3332.9919999999997,3268.7989999999995,1349.127,1298.412,2545.079,1487.8760000000002,2781.8089999999997,872.9920000000001,5268.435999999999,839.3439999999999,3002.0969999999993
52.0,1611.5539999999999,6519.245999999999,5289.912,5466.804,4341.005999999999,3373.846,3716.7280000000005,1795.214,2791.4119999999994,5385.637,5477.818,2810.084,6861.436000000002,4659.563,4526.281999999999,4840.547,4126.3009999999995,2933.1480000000006,6045.4169999999995,4045.5220000000004,5690.09,6730.213000000001,475.644,4055.421999999999,2207.6389999999997,4315.3949999999995,3076.5249999999996,3190.25,4358.775000000001,4009.039,4361.763,7573.039999999999,2668.4530000000004,5096.25,5735.636,4033.516000000001,1405.164,2218.987,4721.649999999999,6424.0909999999985,6609.341999999999,5923.191000000001,5898.058999999998,4302.1230000000005,5109.550999999999,5056.530000000001,4235.8240000000005,3868.0179999999996,5434.4980000000005,2100.563
53.0,6493.811000000001,3294.274999999999,1360.854,399.82099999999997,7879.355999999999,4553.273,2730.695,5583.099999999998,2932.337,2727.0649999999996,2268.209,6058.834,1766.9650000000001,2048.043,2209.761,3302.85,3624.4929999999995,7282.052,950.9460000000001,1838.2290000000003,3588.2380000000007,1635.7419999999997,4899.133999999999,2937.867,4205.859,2550.159,3090.306,2371.853,1413.4689999999998,7261.222000000001,4788.7699999999995,3881.205,4752.348,1797.784,641.1650000000001,7169.738999999999,4627.217,7226.942999999999,8259.999999999996,1329.62,1514.871,3444.651999999999,2704.8639999999996,4729.129999999999,1200.546,4965.859999999999,2171.1,7402.957999999999,3023.394999999999,4098.782999999999
54.0,3807.779,4003.3909999999987,4391.663999999999,5943.086999999999,3265.046,1338.667,3542.1019999999994,1332.72,3911.141999999999,3389.572,3616.2520000000004,733.3800000000001,5350.334999999999,3889.439999999999,3615.23,2750.8129999999996,2136.2659999999996,3607.6439999999993,6079.4079999999985,4358.115,3548.1740000000004,5951.769000000001,2950.7519999999995,3058.676,2648.6810000000005,3406.833,3182.3809999999994,4124.0960000000005,4550.123999999999,1940.426,1549.886,5055.054999999999,1416.8239999999998,4117.433999999999,6184.430999999998,1694.8709999999999,2736.0329999999994,4326.986,3046.334,6435.757999999998,6371.564999999999,3781.477,3792.8949999999995,1663.848,4590.642,2234.341,4006.9399999999996,2188.671,3329.334,2830.7339999999995
55.0,4613.661,3228.7799999999997,2270.9519999999998,2854.6229999999996,5548.567,2478.934,426.26199999999994,3150.6859999999997,765.5799999999999,2095.171,2224.331,3984.495,3850.305,1406.076,1272.7949999999998,1672.783,1550.1539999999998,4917.387,3433.2359999999994,922.344,2399.624,3805.5039999999995,3018.984,764.956,2027.33,1024.9289999999999,657.892,729.929,1235.597,5186.883,2827.7760000000003,4282.574,2421.5589999999997,1842.763,3123.4550000000004,5201.797999999999,2448.688,5346.792999999999,5929.210999999999,3811.91,3826.1629999999996,2632.725,2607.5930000000003,2768.136,2090.591,3129.3219999999997,982.337,5072.169,2144.032,1920.254
56.0,6108.305999999999,2828.3959999999997,4389.889999999999,5941.313,5565.572999999999,1895.5510000000002,3560.6369999999993,3633.2469999999994,3987.261,3051.1579999999994,3554.774,2621.896,5066.9349999999995,3905.287999999999,3613.4560000000006,2538.796,2207.3500000000004,5908.170999999999,6077.634000000001,4374.553,2450.9489999999996,5801.348,4650.138000000001,3077.2109999999993,3462.1059999999993,3425.367999999999,3258.4999999999995,4200.215,4566.561999999999,3828.941999999999,905.914,3880.0599999999995,2515.0520000000006,4115.66,6182.656999999998,3583.387,3835.0789999999997,6627.512999999998,5346.860999999999,6433.983999999999,6369.791,2660.264,3148.922999999999,1302.778,4588.8679999999995,1059.346,4023.378,4489.198,2685.362,3355.0299999999993
57.0,33.426,7666.316999999997,6436.983,6613.875,3213.9080000000004,4430.525999999999,4863.799,2536.8279999999995,3938.482999999999,6532.707999999999,6624.888999999998,3551.6979999999994,8008.5070000000005,5806.633999999999,5673.353,5987.617999999999,5273.371999999999,1802.9290000000003,7192.487999999998,5192.593,6837.160999999998,7877.283999999999,1622.7150000000001,5202.4929999999995,3305.0409999999997,5462.4659999999985,4223.596,4337.321,5505.8460000000005,2883.886,5417.823,8720.110999999999,3726.481999999999,6243.320999999999,6882.7069999999985,3650.549,2468.332,1086.7730000000001,3594.5519999999997,7571.161999999997,7756.412999999997,7070.261999999999,7045.1299999999965,5358.802999999999,6256.6219999999985,6102.277999999999,5382.894999999999,2740.9200000000005,6581.568999999999,3197.9649999999997
58.0,2101.494,7818.169,6998.194999999994,7566.212000000001,2284.1039999999994,4383.687,5153.504999999999,2487.8549999999996,4699.321,6822.413999999998,6951.573999999998,3499.42,8577.547999999995,6133.318999999997,6000.037999999999,6241.059,5448.195,293.39,8144.824999999999,5647.891999999999,7126.866999999998,8531.052,3686.865,5492.1990000000005,3434.0499999999984,5752.171999999999,4513.301999999999,4912.274999999999,5961.1449999999995,2295.3929999999996,5364.664,8869.832999999999,3679.642999999999,6570.005999999996,7835.043999999999,3595.3450000000003,3521.214,1711.2730000000001,2664.7479999999996,8523.499,8551.711,7359.967999999999,7334.835999999997,5311.963999999999,6817.833999999997,6049.119,5709.579999999998,1811.1159999999995,6871.274999999999,3616.6929999999993
59.0,7776.397999999998,1811.8629999999998,1447.883,2401.9500000000003,7802.6359999999995,4156.608,3151.777,5870.309999999999,3928.316999999999,1720.7379999999998,1570.3219999999997,5318.115999999998,575.099,2286.1309999999994,2400.4209999999994,2412.718,3061.452,8086.102,2040.5149999999996,2721.6700000000005,2341.4860000000003,1500.5749999999996,6181.7210000000005,3030.376,5190.067,2857.0480000000002,3862.4900000000007,3795.9519999999998,2535.6279999999997,6525.162,3898.6380000000004,2013.8790000000001,4675.628,1795.899,2413.6960000000004,6279.606999999998,5611.425,8509.529999999997,7770.636999999999,2275.6050000000005,2211.4120000000003,2105.9339999999997,1411.091,3838.9979999999996,1544.725,3717.946,2810.3430000000003,6912.973999999997,1889.8770000000002,5082.991
60.0,7238.8369999999995,1603.86,910.322,2017.3129999999999,7273.504999999999,3627.4770000000003,2622.6459999999997,5341.178999999999,3390.7559999999994,1191.607,1037.0430000000001,4788.984999999999,996.771,1752.8519999999999,1871.2899999999997,1883.5869999999998,2532.321,7556.971,2138.145,2184.1089999999995,1994.052,1598.2050000000002,5644.16,2501.245,4652.505999999999,2327.9170000000004,3324.9290000000005,3258.3909999999996,1998.0669999999998,5996.031000000001,3369.507,2190.9680000000003,4146.496999999999,1258.338,2258.657,5750.475999999998,5073.8640000000005,7971.968999999997,7241.505999999999,2373.235,2309.0420000000004,1758.5000000000002,1014.449,3309.867,983.404,3370.512,2281.212,6383.842999999998,1493.2350000000001,4545.429999999999
61.0,48.552,7877.2059999999965,6647.871999999999,6824.763999999999,3229.0340000000006,4641.414999999998,5074.687999999999,2747.716999999999,4149.371999999999,6743.596999999998,6835.777999999997,3762.586999999999,8219.396,6017.522999999998,5884.241999999999,6198.506999999998,5484.260999999998,1818.055,7403.376999999997,5403.481999999999,7048.049999999997,8088.172999999998,1833.604,5413.381999999998,3515.93,5673.354999999998,4434.484999999999,4548.21,5716.735,2899.012,5628.711999999999,8930.999999999998,3937.3709999999987,6454.209999999998,7093.595999999998,3861.437999999999,2679.221,1101.8990000000001,3609.678,7782.050999999996,7967.301999999996,7281.150999999998,7256.018999999996,5569.691999999998,6467.510999999998,6313.1669999999995,5593.783999999998,2756.0460000000007,6792.457999999998,3408.853999999999
62.0,1961.875,5937.431,4841.686,5018.577999999999,4410.834,2486.232,3165.9119999999994,1863.245,2250.4,4834.821,4936.806,2878.115,6413.21,4118.5509999999995,3985.2699999999995,4289.731,3546.3999999999996,3002.976,5597.190999999998,3537.6159999999995,5139.273999999999,6281.986999999999,412.505,3504.6059999999998,1353.7240000000002,3764.5789999999993,2525.7090000000003,2657.3269999999998,3850.8689999999997,4078.8349999999996,3474.1489999999994,6989.094999999999,1780.304,4555.237999999999,5287.409999999999,4100.004,517.015,2569.308,4791.477999999999,5975.864999999999,6161.115999999999,5372.375,5347.243,3414.5089999999996,4661.325,4168.381,3694.8119999999994,3937.8460000000005,4883.682,1246.6480000000001
63.0,7648.3009999999995,2290.6899999999996,1294.153,1630.2909999999997,7994.596,4396.057000000001,3277.9419999999996,6062.2699999999995,3800.22,1960.1870000000001,1670.338,5557.564999999999,551.962,2209.7639999999997,2371.4819999999995,2652.1669999999995,3300.901,7993.887999999999,1381.301,2593.573,2762.632,988.7860000000001,6053.624,3188.061,5061.97,2985.1499999999996,3734.393,3667.855,2407.531,6764.611000000001,4138.0869999999995,2678.7309999999998,4867.588,1712.342,1754.4819999999997,6519.055999999999,5483.327999999999,8381.432999999999,8010.085999999999,1737.6509999999998,1673.458,2527.08,1783.029,4078.447,1308.719,4139.092,2776.925,7152.422999999998,2261.815,4954.894
64.0,4151.795,3902.9249999999993,3611.6019999999994,5114.423999999999,3661.0359999999996,327.10699999999997,2357.547,1728.7100000000003,2719.443,2769.316,2995.996000000001,1517.988,4730.078999999999,3030.2609999999995,2835.1680000000006,2185.705,1392.841,3951.6599999999994,5299.3460000000005,3208.416,3073.769,5331.513000000001,2640.323,2199.4970000000003,1458.142,2547.654,1990.6819999999998,2932.397,3521.669000000001,2720.3759999999997,1314.3809999999999,4956.719,540.102,3337.372,5383.255999999999,2735.2909999999997,1811.886,4671.002,3769.304,5655.695999999999,5591.503,3306.87,3281.738,1256.6100000000001,3810.58,2185.515,2913.6220000000003,2911.641,2818.177,1640.195
65.0,4118.373999999999,3823.3019999999997,3531.979,5034.8009999999995,3581.4129999999996,247.48399999999998,2458.2299999999996,1649.0870000000002,2820.1259999999997,2689.693,2916.3730000000005,1438.365,4650.455999999999,2950.6379999999995,2755.545,2106.0820000000003,1313.2180000000003,3918.2389999999996,5219.723000000001,3309.0989999999993,2994.146,5251.890000000001,2608.9429999999993,2119.8740000000003,1558.825,2468.031,2091.365,3033.0799999999995,3611.321999999999,2640.7529999999997,1234.7579999999998,4877.0960000000005,460.479,3257.749,5303.633,2655.6679999999997,1780.5059999999999,4637.580999999999,3689.681,5576.072999999999,5511.88,3227.247,3202.1150000000002,1176.987,3730.9570000000003,2105.892,3014.3049999999994,2832.018,2738.5540000000005,1740.8780000000002
66.0,7938.082999999999,1531.8559999999998,1609.568,2682.5280000000002,7903.744,4257.715999999999,3252.8849999999998,5971.418,4090.001999999999,1643.8390000000002,1671.43,5234.810999999999,855.677,2387.239,2501.5289999999995,2329.413,3162.5599999999995,8187.209999999999,2321.0929999999994,2883.3550000000005,2060.9080000000004,1781.153,6343.406,3131.484,5351.7519999999995,2958.1559999999995,4024.1750000000006,3957.6369999999997,2697.313,6441.857000000001,3815.333,1919.897,4776.735999999999,1944.7189999999998,2694.274,6196.301999999999,5773.110000000001,8671.214999999997,7871.744999999999,2556.1829999999995,2491.9899999999993,1825.3559999999998,1130.513,3755.693,1706.41,3437.3679999999995,2911.451,7014.0819999999985,1609.2990000000002,5244.6759999999995
67.0,6312.073,3129.949,1082.121,837.027,7384.124999999997,4233.532,2235.4640000000004,5122.8719999999985,2695.905,2421.613,1962.757,5739.093,2231.659,1552.8120000000001,1714.53,2983.754,3304.752,6889.5729999999985,1415.64,1489.2579999999998,3269.1420000000003,2100.4359999999997,4717.395999999999,2442.6359999999995,3957.6549999999997,2054.928,2630.078,2190.115,924.968,6941.481000000001,4469.674,3716.878999999999,4257.116999999999,1425.989,1105.859,6850.643,4379.013,7045.205,7764.768999999997,1794.314,1979.565,3139.1999999999994,2422.848,4410.034,907.637,4646.763999999999,1686.5079999999996,6907.726999999999,2704.2990000000004,3850.578999999999
68.0,5367.750999999999,3045.741,3889.5329999999994,5440.956000000001,4825.017999999998,1395.194,3060.2799999999997,2892.691999999999,3486.904,2550.801,3054.417,1881.3410000000001,4626.947999999999,3404.931,3113.099,2038.439,1706.993,5167.615999999999,5577.277,3874.196,2403.845,5328.456999999999,3909.5829999999996,2576.854,2961.749,2925.011,2758.143,3699.8579999999997,4066.204999999999,3088.3869999999997,405.557,4097.405,1774.4969999999998,3615.3029999999994,5682.299999999999,2842.8320000000003,3094.524,5886.957999999999,4606.306,5933.626999999999,5869.434,2637.1479999999997,2648.566,802.421,4088.511,1276.6909999999998,3523.021,3748.643,2185.005,2854.673
69.0,3131.4180000000006,4692.424,3463.09,3639.9819999999995,5843.740999999999,2808.2259999999997,1889.906,3296.1520000000005,964.5900000000001,3558.815,3650.996,4311.021999999999,5034.6140000000005,2832.741,2699.46,3013.725,2299.4790000000003,4435.883000000001,4218.594999999999,2218.7,3863.2679999999996,4903.3910000000005,1536.7409999999998,2228.6000000000004,1359.69,2488.573,1249.703,1363.4279999999999,2531.953,5511.742,3159.496,5746.218,2727.143,3269.4280000000003,3908.814,5529.804999999999,1781.0479999999998,3864.55,6224.3849999999975,4597.268999999999,4782.52,4096.369,4071.2370000000005,3099.856,3282.729,3812.633999999999,2409.0020000000004,5370.753,3607.6759999999995,1252.614
70.0,7492.483999999998,3071.1820000000002,1155.3349999999998,1302.768,7874.5189999999975,4347.754,3157.865,5942.192999999999,3644.402999999999,2507.593,2048.737,5853.314999999999,1025.992,2089.687,2251.405,3097.330999999999,3418.9739999999993,7838.070999999999,620.875,2437.7560000000003,3382.7190000000005,892.3729999999999,5897.806999999999,3067.984,4906.152999999999,2865.0729999999994,3578.5759999999996,3428.042,2166.949,7055.703,4583.250999999999,3515.132999999999,4747.511,1592.2649999999999,994.056,6964.219999999998,5327.5109999999995,8225.615999999996,8104.630999999997,977.225,913.0319999999998,3225.1799999999994,2481.7710000000006,4523.610999999999,1169.901,4760.3409999999985,2635.0060000000003,7246.967999999997,2817.8759999999997,4799.077
