"","X1","X2","X3","X4","X5","X6","X7","X8","X9","X10","X11","X12","X13","X14","X15","X16","X17","X18","X19","X20","X21","X22","X23","X24","X25","X26","X27","X28","X29","X30","X31","X32","X33","X34","X35","X36","X37","X38","X39","X40","X41","X42","X43","X44","X45","X46","X47","X48","X49","X50","X51","X52","X53","X54","X55","X56","X57","X58","X59","X60"
"1",2226.471,6631.797,6306.393,5788.285,7303.331,952.906,6562.218,3203.713,4461.703,1601.14,4866.36,4823.599,803.824,5644.696,6724.307,5871.376,2313.048,7605.459,5441.517,5308.236,5061.085,4268.221,1457.144,7586.197,5312.572,5949.149,7857.695,3811.842,4800.397,3559.027,5060.37,4094.838,5036.553,5625.825,1109.021,8269.974,2585.147,4178.292,7683.461,2792.928,5878.204,2633.465,7572.163,1817.681,2405.629,3646.191,2176.486,1333.55,7942.547,7878.354,6182.25,6157.118,4129.744,6126.032,4862.747,3057.732,5017.778,479.918,5693.557,3741.67
"2",2459.803,5535.46,4903.363,4592.724,5750.161,2948.747,5106.519,2093.942,3058.673,392.385,3463.33,2883.27,1822.893,4534.925,5507.367,4761.605,1407.255,6482.716,4038.487,3905.206,3951.314,3158.45,2259.668,6183.167,3831.841,4839.378,6454.665,1915.884,3397.367,1617.999,3657.34,2691.808,3096.224,4145.094,2609.643,6862.309,644.119,3081.859,6587.124,1389.898,4475.174,1532.069,6018.993,2620.205,2631.915,1705.163,2979.01,3329.391,6539.517,6475.324,5072.479,5047.347,3022.219,4723.002,3766.41,1947.961,3614.748,2472.349,4583.786,1800.642
"3",1694.076,6331.616,5670.945,5360.306,6238.962,2421.264,5595.32,2894.504,3826.255,998.672,4147.888,3372.071,1301.807,5335.487,6274.949,5562.167,2012.678,7250.298,4806.069,4672.788,4751.876,3959.012,1493.941,6817.575,4320.642,5639.94,7203.802,2360.857,4164.949,2106.8,4424.922,3186.052,3585.025,4633.895,2089.297,7351.11,1132.92,3878.111,7383.28,2190.46,5242.756,2332.631,6507.794,1854.478,2113.774,2193.964,2213.283,2801.908,7196.249,7224.461,5873.041,5847.909,3822.781,5490.584,4562.566,2748.523,4382.33,1948.276,5384.348,2289.443
"4",6659.634,2243.747,310.326,889.577,1367.207,7029.51,501.597,3502.745,2312.856,5097.184,1834.266,2811.553,5903.656,1676.537,748.699,1217.681,5008.306,1530.891,1244.678,1406.396,2252.322,2573.965,7005.221,1503.528,1604.906,2537.71,1775.026,5064.957,2222.975,4073.303,2020.064,2745.726,2679.188,1418.864,6210.694,2187.305,5027.265,3738.242,2830.677,3902.502,747.256,4836.351,1608.551,7365.758,6119.211,4494.661,7392.766,7259.622,1859.878,1795.685,2394.124,1654.336,3678.602,324.892,3915.332,3492.233,1802.156,6401.959,1972.867,3966.227
"5",5346.356,2795.265,2503.942,1805.245,3622.446,4909.159,2874.662,1382.394,1190.945,2976.833,1595.061,1856.145,3783.305,1661.656,2741.267,1888.336,2887.955,3622.419,1538.283,1376.798,1078.045,453.614,5192.625,3885.727,2006.958,1966.109,4157.225,3751.679,707.519,2676.158,1055.676,1127.384,1918.162,2198.967,4090.343,4569.504,3536.367,1722.683,3849.059,1782.151,2061.629,2724.86,3891.278,5553.162,4103.652,3052.851,5911.967,5139.271,4242.077,4177.884,2199.21,2174.078,1663.043,2425.562,2001.198,1371.882,1655.783,4281.608,1710.517,2569.082
"6",7465.413,1253.744,1430.062,1482.335,2560.813,7392.296,1708.449,3746.268,2741.437,5459.97,2731.201,3617.332,6266.442,1132.391,787.597,1159.982,4729.769,1319.665,1875.791,1990.081,1824.371,2651.112,7675.762,2561.468,2501.841,1631.974,2021.528,5870.736,2620.036,4879.082,2446.708,3532.186,3576.123,2315.799,5936.815,3129.279,5833.044,3310.291,1840.852,4265.288,1433.271,4408.4,2802.157,8036.299,5691.26,5300.44,8198.545,7360.297,2796.558,2732.365,1396.422,652.371,3250.651,1526.904,3008.434,3855.019,2400.003,6502.634,1131.157,4772.006
"7",6985.194,2894.186,960.765,1540.016,795.478,7679.949,552.79,4153.184,2676.672,5564.08,2159.826,3137.113,6554.095,2326.976,1399.138,1868.12,5658.745,1240.628,1895.117,2056.835,2902.761,3224.404,7330.781,837.907,1930.466,3188.149,1109.405,5390.517,2873.414,4398.863,2496.136,3071.286,2920.752,1659.659,6861.133,1521.684,5352.825,4388.681,3481.116,4552.941,1397.695,5486.79,959.659,7691.318,6769.65,4820.221,7718.326,7910.061,1194.257,1130.064,3044.563,2304.775,4329.041,975.331,4565.771,4142.672,2127.716,7052.398,2623.306,4291.787
"8",5695.407,2397.288,891.472,658.391,1895.081,6504.242,1147.297,3265.539,1355.581,4274.293,870.039,1847.326,5378.388,1455.494,1495.476,996.638,4771.1,2470.825,584.945,746.663,2015.887,2336.759,6040.994,2171.276,640.679,2301.275,2442.774,4100.73,1562.753,3109.076,1062.789,1781.499,1714.961,467.411,5973.488,2855.053,4063.038,3501.807,3020.321,3377.234,463.283,4599.916,2163.913,6401.531,5882.776,3530.434,6428.539,6884.886,2527.626,2463.433,2173.081,1456.729,3442.167,711.111,3678.897,3255.027,837.929,6027.844,1736.432,3002
"9",4435.009,3498.605,2728.195,2417.556,3725.133,4529.952,2984.02,1484.027,883.505,2597.626,1288.162,1245.401,3404.098,2364.996,3332.199,2591.676,2988.256,4307.548,1863.319,1730.038,1781.385,988.521,4439.405,4007.999,1734.374,2669.449,4279.497,2840.332,1222.199,1826.162,1482.172,516.64,1458.355,2047.627,4190.644,4691.776,2780.124,1834.953,4552.399,1402.944,2300.006,2825.161,3993.965,4799.942,4205.606,2247.52,5158.747,4910.596,4364.349,4300.156,2902.55,2877.418,1775.313,2547.834,2487.761,1473.515,1439.58,4053.554,2413.857,1719.086
"10",3398.196,4747.877,3980.656,3670.017,4977.594,3277.391,4236.481,1173.285,2135.966,1345.065,2540.623,2497.862,2151.537,3614.268,4584.66,3840.948,1735.695,5560.009,3115.78,2982.499,3030.657,2237.793,3198.061,5260.46,2986.835,3918.721,5531.958,1886.724,2474.66,1235.401,2734.633,1769.101,2710.816,3300.088,2938.083,5944.237,1541.803,2161.202,5801.671,467.191,3552.467,1572.6,5246.426,3558.598,2953.045,1322.753,3917.403,3658.035,5616.81,5552.617,4151.822,4126.69,2101.562,3800.295,3021.422,1027.304,2692.041,2800.993,3663.129,1417.454
"11",2638.552,5174.879,4542.782,4232.143,5539.72,2873.794,4798.607,1733.361,2698.092,571.134,3102.749,3059.988,1747.94,4174.344,5146.786,4401.024,1332.302,6122.135,3677.906,3544.625,3590.733,2797.869,2438.417,5822.586,3548.961,4478.797,6094.084,2094.582,3036.786,1796.697,3296.759,2331.227,3272.942,3862.214,2534.69,6506.363,822.868,2721.278,6226.543,1029.317,4114.593,1171.488,5808.552,2798.954,2556.962,1883.861,3157.759,3254.438,6178.936,6114.743,4711.898,4686.766,2661.638,4362.421,3405.829,1587.38,3254.167,2397.396,4223.205,1979.34
"12",5119.36,2944.3,2466.778,1942.493,3463.716,4790.184,2722.603,1720.551,622.088,2857.858,1026.745,1331.416,3664.33,1810.691,2878.515,2037.371,3226.112,3771.454,1452.776,1291.291,1227.08,791.771,5073.65,3746.582,1472.957,2115.144,4018.08,3524.683,622.012,2533.029,970.169,900.388,1348.804,1786.21,4428.5,4430.359,3417.392,2069.393,3998.094,1663.176,1976.122,3063.017,3732.548,5434.187,4443.415,2933.876,5792.992,5170.828,4102.932,4038.739,2348.245,2323.113,2009.753,2286.417,2370.939,1710.039,1178.163,4313.786,1859.552,2425.953
"13",8358.444,3246.731,2140.271,2719.522,2013.637,8859.455,2045.016,5332.69,4142.801,6927.129,3652.052,4629.339,7733.601,2916.228,1833.433,2626.379,6513.606,1114.735,3074.623,3236.341,3608.208,4256.942,8823.007,904.419,3422.692,3718.673,468.898,6763.767,4052.92,5891.089,3850.009,4563.512,4236.486,3151.885,7720.652,928.763,6845.051,5094.128,3634.772,5732.447,2577.201,6192.237,1277.6,9183.544,7475.097,6312.447,9091.576,8966.127,596.042,531.849,3483.121,2739.07,5034.488,2154.837,5095.133,5322.178,3619.942,8108.464,3217.856,5784.013
"14",8492.879,3363.253,2274.706,2853.957,2148.072,8993.89,2179.451,5467.125,4277.236,7061.564,3786.487,4763.774,7868.036,3050.663,1967.868,2760.814,6648.041,1099.739,3209.058,3370.776,3742.643,4391.377,8957.442,1038.854,3557.127,3853.108,603.333,6898.202,4187.355,6025.524,3984.444,4697.947,4370.921,3286.32,7855.087,1063.198,6979.486,5228.563,3565.269,5866.882,2711.636,6326.672,1412.035,9317.979,7609.532,6446.882,9226.011,9100.562,730.477,666.284,3617.556,2873.505,5168.923,2289.272,5229.568,5456.613,3754.377,8242.899,3352.291,5918.448
"15",6743.809,999.57,1779.297,1311.165,3464.732,6670.692,2603.776,3024.664,2019.833,4738.366,2059.247,2895.728,5544.838,636.264,1778.524,988.812,3951.346,2410.999,1560.309,1268.477,1045.948,1929.508,6954.158,3601.053,2029.574,599.962,3112.862,5149.132,1898.432,4157.478,1725.104,2810.582,2860.077,2221.583,5158.392,4220.613,5111.44,2531.868,2066.755,3543.684,1644.899,3629.977,3706.076,7314.695,4912.837,4578.836,7476.941,6638.693,3887.892,3823.699,544.902,433.435,2472.228,2116.941,1977.584,3133.415,1678.399,5781.03,270.468,4050.402
"16",1049.344,6990.498,5912.173,5743.275,6089.065,3079.146,5795.548,3549.696,4236.399,1655.998,4435.349,3320.887,1959.689,5905.308,6516.177,6007.293,2670.868,7483.697,5189.038,5055.757,5360.218,4614.204,1670.166,6667.678,4608.103,6209.761,7352.474,1681.703,4575.093,2424.211,4835.066,3596.196,3727.814,4921.356,2747.179,7201.213,1154.081,4536.993,8042.162,2845.652,5625.725,2987.857,6357.897,2030.703,2772.849,1587.502,1656.777,3459.79,7046.352,7231.603,6442.862,6417.73,4477.973,5731.812,5221.448,3403.715,4765.299,2606.158,5954.169,2317.135
"17",4715.96,3351.349,2393.521,2082.882,2990.289,5537.718,2332.688,2475.115,548.831,2989.782,885.256,901.246,4417.416,2217.74,2997.525,2346.9,3980.676,3972.874,1528.645,1395.364,1672.65,1546.335,4756.483,3568.902,1058.01,2522.193,3941.17,3121.283,887.525,2129.629,1147.498,496.988,865.595,1371.263,5183.064,4102.437,3083.591,2823.957,4405.143,2416.262,1965.332,3817.581,3259.121,5117.02,5197.979,2550.987,5449.092,5918.362,3947.576,3961.829,2755.294,2730.162,2764.317,2213.16,3125.503,2464.603,1104.906,5064.73,2266.601,2022.553
"18",4453.333,3658.374,2696.521,2389.907,3223.538,5716.136,2579.896,2653.533,855.856,3168.2,1132.464,605.252,4595.834,2524.765,3300.525,2653.925,4159.094,4275.874,1835.67,1702.389,2075.068,1724.753,4934.901,3802.151,1305.218,2829.218,4188.378,2858.656,1194.55,1867.002,1454.523,675.406,569.601,1618.471,5361.482,4335.686,2820.964,3002.375,4712.168,2594.68,2272.357,3995.999,3492.37,5295.438,5376.397,2288.36,5186.465,6096.78,4180.825,4209.037,3062.319,3037.187,2942.735,2516.16,3303.921,2643.021,1411.931,5243.148,2573.626,1759.926
"19",5456.611,2678.213,2007.42,1494.017,3023.943,5264.649,2276.159,2054.875,751.902,3332.323,996.558,1668.667,4138.795,1544.604,2494.614,1703.536,3560.436,3469.963,939.78,778.295,1120.117,1126.095,5497.134,3287.224,1408.455,1849.057,3558.722,3861.934,323.16,2870.28,457.173,1237.639,1686.055,1600.464,4762.824,3971.001,3824.242,2300.881,3732.007,2137.641,1463.126,3397.341,3292.775,5857.671,4681.85,3291.638,6189.743,5645.293,3643.574,3579.381,2082.158,2057.026,2241.241,1827.059,2578.969,2044.363,1057.28,4788.251,1593.465,2763.204
"20",6046.781,2258.185,779.706,519.288,1796.229,6644.539,1048.445,3128.955,1515.768,4625.667,1221.413,2198.7,5518.685,1316.391,1342.329,857.535,4634.516,2317.678,447.59,609.308,1878.532,2200.175,6392.368,2059.51,992.053,2163.92,2331.008,4452.104,1703.05,3460.45,1222.976,2132.873,2066.335,806.011,5836.904,2743.287,4414.412,3364.452,2881.218,3517.531,324.18,4462.561,2065.061,6752.905,5745.421,3881.808,6779.913,6885.832,2415.86,2351.667,2033.978,1317.626,3304.812,599.345,3541.542,3118.443,1014.751,6028.169,1599.077,3353.374
"21",4864.649,3206.737,2248.909,1938.27,3105.611,5557.63,2448.01,2487.997,404.219,3216.697,808.876,1016.568,4431.776,2073.128,2852.913,2202.288,3993.558,3828.262,1384.033,1250.752,1681.846,1559.217,4983.398,3528.713,1173.332,2377.581,3800.211,3269.972,742.913,2278.318,1002.886,723.903,980.917,1486.585,5195.946,4212.49,3232.28,2836.839,4260.531,2430.622,1820.72,3830.463,3374.443,5343.935,5210.861,2699.676,5597.781,5938.274,3885.063,3820.87,2610.682,2585.55,2777.199,2068.548,3138.385,2477.485,960.294,5081.232,2121.989,2171.242
"22",2739.906,5107.676,5130.404,4431.707,6576.596,2161.23,5816.217,1847.135,3734.968,876.042,4139.625,4096.864,1035.376,4288.118,5367.729,4514.798,788.046,6248.881,4549.063,4353.97,3691.707,2911.643,2539.771,6818.148,4585.837,4592.571,6850.315,3091.005,3718.299,2834.403,4066.456,3368.103,4309.818,4899.09,1338.765,7501.925,1860.861,2654.171,6159.34,1602.614,4856.174,1108.463,6845.428,2900.308,1362.657,2921.755,3259.113,2058.973,7174.498,7110.305,4825.672,4800.54,2604.742,5329.382,3338.626,1701.154,4291.043,1201.31,4336.979,3016.456
"23",5407.129,3192.557,1292.992,1455.607,1705.317,6856.204,1176.367,3786.571,1707.543,4496.418,1114.872,1845.655,5730.35,2252.71,1896.996,1793.854,5292.132,2872.345,1383.909,1405.071,2674.295,2857.791,6195.37,2283.93,751.547,2959.683,2784.849,3812.452,1914.715,3119.177,1719.235,2003.624,1285.171,476.833,6494.52,2817.465,4073.139,4135.413,3779.665,3729.196,1257.086,5129.037,1974.149,6555.907,6509.435,3540.535,6140.261,7236.848,2662.604,2805.508,2904.623,2253.945,4075.773,1112.631,4337.305,3776.059,1084.418,6379.806,2394.84,3012.101
"24",8244.564,1167.301,2069.149,2261.486,3052.077,8171.447,2347.536,4525.419,3520.588,6239.121,3510.352,4396.483,7045.593,1911.542,1426.684,1939.133,5502.514,1225.226,2654.942,2769.232,2597.116,3430.263,8454.913,2690.642,3280.992,2033.021,2150.702,6649.887,3399.187,5658.233,3225.859,4311.337,4355.274,3094.95,6709.56,3258.453,6612.195,3938.289,1555.342,5044.439,2212.422,5181.145,3063.823,8815.45,6464.005,6079.591,8977.696,8139.448,2925.732,2861.539,1949.093,1398.216,4023.396,2165.991,3104.713,4634.17,3179.154,7281.785,1877.002,5551.157
"25",4622.7,3417.866,2021.532,1996.997,2198.424,6096.128,1904.907,3026.495,973.823,3711.989,689.071,1061.226,4970.274,2218.255,2625.536,2261.015,4532.056,3593.056,1442.76,1309.479,2220.344,2097.715,5410.941,2777.037,777.142,2864.091,3461.833,3028.023,1312.517,2334.748,1572.49,1219.195,500.742,1090.395,5734.444,3310.572,3288.71,3375.337,4436.485,2969.12,1879.447,4368.961,2467.256,5771.478,5749.359,2756.106,5355.832,6476.772,3155.711,3340.962,2809.031,2733.466,3315.697,1841.171,3676.883,3015.983,1019.021,5619.73,2299.248,2227.672
"26",5076.141,2747.997,2439.013,1757.977,3455.536,4738.62,2707.752,1302.863,1024.035,2806.294,1428.151,1585.93,3612.766,1614.388,2693.999,1841.068,2808.424,3575.151,1371.373,1209.888,1030.777,374.083,5022.086,3718.817,1840.048,1918.841,3990.315,3481.464,540.609,2489.81,888.766,857.169,1751.252,2032.057,4010.812,4402.594,3365.828,1651.705,3801.791,1611.612,1894.719,2645.329,3724.368,5382.623,4025.727,2882.312,5741.428,5059.74,4075.167,4010.974,2151.942,2126.81,1592.065,2258.652,1953.251,1292.351,1488.873,4202.077,1663.249,2382.734
"27",6872.921,1008.606,1357.975,889.843,3043.41,6799.804,2182.454,3153.776,2148.945,4867.478,2188.359,3024.84,5673.95,528.285,1357.202,567.49,4091.703,2109.876,1283.299,1397.589,1186.305,2058.62,7083.27,3179.731,2158.686,1019.951,2711.31,5278.244,2027.544,4286.59,1854.216,2939.694,2989.189,2106.105,5298.749,3819.061,5240.552,2672.225,2075.791,3672.796,1223.577,3770.334,3284.754,7443.807,5053.194,4707.948,7606.053,6767.805,3486.34,3422.147,784.399,353.549,2612.585,1695.619,2396.411,3262.527,1807.511,5910.142,466.191,4179.514
"28",7750.679,1837.582,1422.164,1866.956,2376.231,7776.917,1700.551,4130.889,3126.058,5844.591,2925.311,3902.598,6651.063,1695.019,779.699,1544.603,5292.397,549.38,2260.412,2374.702,2386.999,3035.733,8060.383,2014.796,2695.951,2367.205,1474.856,6156.002,3004.657,5164.348,2831.329,3836.771,3770.233,2509.909,6499.443,2582.607,6118.31,3872.919,2039.598,4649.909,1770.18,4971.028,2387.977,8420.92,6253.888,5585.706,8483.811,7744.918,2249.886,2185.693,2131.653,1436.81,3813.279,1519.006,3743.665,4239.64,2784.624,6887.255,1915.596,5057.272
"29",3543.746,6563.799,6789.562,6090.865,8340.985,702.753,7475.375,3734.435,5798.281,2939.355,6202.938,6141.573,1511.178,5787.47,6995.559,6014.15,2245.05,7748.233,6287.338,6013.128,5148.711,4534.164,2703.343,8477.306,6649.15,6091.923,8349.667,5129.117,5456.574,4876.302,5804.731,5431.416,6354.527,6948.022,1041.023,9161.083,3902.422,4110.294,7615.463,3665.927,6515.332,2565.467,8582.329,3063.88,2333.869,4963.466,3492.541,483.368,8833.656,8769.463,6325.024,6299.892,4061.746,6988.54,4794.749,3587.634,6354.356,862.417,5836.331,5058.945
"30",6892.503,1431.979,738.251,909.425,2423.686,6819.386,1562.73,3173.358,2168.527,4887.06,2158.291,3044.422,5693.532,737.488,690.148,587.072,4334.866,1442.822,1302.881,1417.171,1429.468,2078.202,7102.852,2560.007,1928.931,1687.296,2044.256,5297.826,2047.126,4306.172,1873.798,2959.276,3003.213,1742.889,5541.912,3152.007,5260.134,2915.388,2019.087,3692.378,860.361,4013.497,2665.03,7463.389,5296.357,4727.53,7625.635,6787.387,2819.286,2755.093,1451.744,655.2,2855.748,1075.895,3063.756,3282.109,1827.093,5929.724,1130.699,4199.096
"31",6751.056,1523.443,853.312,767.978,2538.747,6677.939,1677.791,3031.911,2027.08,4745.613,2016.844,2902.975,5552.085,608.359,831.595,445.625,4205.737,1584.269,1161.434,1275.724,1300.339,1936.755,6961.405,2675.068,1787.484,1561.498,2185.703,5156.379,1905.679,4164.725,1732.351,2817.829,2861.766,1601.442,5412.783,3293.454,5118.687,2786.259,2110.551,3550.931,718.914,3884.368,2780.091,7321.942,5167.228,4586.083,7484.188,6645.94,2960.733,2896.54,1325.946,609.594,2726.619,1190.956,2937.958,3140.662,1685.646,5788.277,1001.57,4057.649
"32",7488.99,1257.367,1591.246,1505.912,2892.981,7415.873,2040.617,3769.845,2765.014,5483.547,2754.778,3640.909,6290.019,1155.968,1119.765,1183.559,4746.94,1651.833,1899.368,2013.658,1841.542,2674.689,7699.339,2893.636,2525.418,1628.649,2353.696,5894.313,2643.613,4902.659,2470.285,3555.763,3599.7,2339.376,5953.986,3461.447,5856.621,3327.462,1844.475,4288.865,1456.848,4425.571,3134.325,8059.876,5708.431,5324.017,8222.122,7383.874,3128.726,3064.533,1393.097,642.642,3267.822,1859.072,3005.109,3878.596,2423.58,6526.211,1121.428,4795.583
"33",7055.177,985.608,1157.433,1072.099,2842.868,6982.06,1981.912,3336.032,2331.201,5049.734,2320.965,3207.096,5856.206,722.155,1135.716,749.746,4313.127,1791.944,1465.555,1579.845,1407.729,2240.876,7265.526,2979.189,2091.605,1240.925,2489.824,5460.5,2209.8,4468.846,2036.472,3121.95,3165.887,1905.563,5520.173,3597.575,5422.808,2893.649,1572.716,3855.052,1023.035,3991.758,3084.212,7626.063,5274.618,4890.204,7788.309,6950.061,3264.854,3200.661,1005.373,208.829,2834.009,1495.077,2617.385,3444.783,1989.767,6092.398,687.615,4361.77
"34",3729.266,7199.816,7379.237,6680.54,8825.429,571.439,8065.05,4095.968,5983.801,3124.875,6388.458,6327.093,1696.698,6423.487,7616.562,6650.167,2881.067,8384.25,6797.896,6602.803,5784.728,5160.476,2888.863,9066.981,6834.67,6727.94,8985.684,5314.637,5967.132,5061.822,6315.289,5616.936,6540.047,7147.923,1677.04,9750.758,4087.942,4746.311,8251.48,3851.447,7105.007,3201.484,9094.261,3249.4,2970.128,5148.986,3678.061,352.054,9423.331,9359.138,6961.041,6935.909,4697.763,7578.215,5430.766,3949.987,6539.876,1047.937,6472.348,5244.465
"35",2479.57,5371.038,4738.941,4428.302,5731.436,3060.67,4994.766,1929.52,2894.251,512.734,3298.908,2864.545,1941.213,4370.503,5342.945,4597.183,1527.604,6318.294,3874.065,3740.784,3786.892,2994.028,2279.435,6018.745,3745.12,4674.956,6290.243,1897.159,3232.945,1599.274,3492.918,2527.386,3077.499,4058.373,2728.324,6702.522,625.394,2917.437,6422.702,1225.476,4310.752,1367.647,6000.268,2639.972,2752.216,1686.438,2998.777,3441.314,6375.095,6310.902,4908.057,4882.925,2857.797,4558.58,3601.988,1783.539,3450.326,2587.682,4419.364,1781.917
"36",6177.361,1985.912,938.838,80.693,2350.362,6220.626,1484.752,2693.861,1543.555,4288.3,1492.799,2329.28,5094.772,1013.552,1216.002,585.262,4199.422,2191.351,474.149,633.599,1443.438,1765.081,6504.092,2486.683,1394.696,1728.826,2758.181,4582.684,1426.458,3591.03,1250.332,2263.453,2293.629,1406.532,5401.81,3170.46,4544.992,2929.358,2608.945,3093.618,524.709,4027.467,2591.706,6864.629,5310.327,4012.388,6910.493,6450.738,2843.033,2778.84,1673.766,1045.353,2869.718,997.917,3106.448,2683.349,1043.521,5593.075,1163.983,3483.954
"37",4413.545,3726.489,4040.787,3342.09,5592.21,3876.584,4726.6,991.382,3191.225,1944.258,3595.341,3563.857,2750.73,3038.695,4246.784,3265.375,934.572,4999.458,3538.563,3264.353,2399.936,1785.389,4213.41,5728.531,4007.238,3092.39,5600.892,2944.668,2707.799,2301.396,3055.956,2835.096,3776.811,4199.247,2141.618,6412.308,2557.152,1094.102,4778.153,1069.539,3766.557,613.203,5833.554,4573.947,1896.063,2388.748,4932.752,3659.537,6084.881,6020.688,3325.693,3337.111,1312.971,4239.765,1957.439,844.581,3656.063,2801.874,2873.55,2483.449
"38",1889.806,8196.245,7376.271,7065.632,7883.109,2662.18,7300.646,4761.763,5531.581,2865.931,5853.214,5077.397,2213.156,7200.49,7980.275,7329.65,3877.496,8955.624,6511.395,6378.114,6619.135,5826.271,776.975,8461.722,6025.968,7504.943,8909.128,3475.747,5870.275,3812.126,6130.248,4891.378,5290.351,6339.221,2673.469,8995.257,2838.246,5742.74,9247.909,4057.719,6948.082,4197.913,8151.941,711.364,3973.421,3381.546,1043.077,3042.824,8840.396,8929.787,7738.044,7712.912,5690.04,7195.91,6427.195,4615.782,6087.656,2189.192,7249.351,3994.769
"39",3544.1,4384.914,3427.086,3116.447,3995.103,5195.045,3351.461,2159.53,1582.396,2647.456,1904.029,1128.212,4075.588,3251.305,4031.09,3380.465,3662.326,5006.439,2562.21,2428.929,2706.215,1962.884,3787.187,4573.716,2076.783,3555.758,4959.943,1959.529,1921.09,710.994,2181.063,942.193,1341.166,2390.036,4863.046,5107.251,1664.956,2511.07,5438.708,2078.447,2998.897,3500.664,4263.935,4147.724,4881.109,1132.352,4151.533,5575.689,4952.39,4980.602,3788.859,3763.727,2451.43,3246.725,3164.426,2149.018,2138.471,4722.057,3300.166,603.918
"40",2729.762,5201.534,4074.79,3905.892,4251.682,5070.879,3958.165,2035.364,2399.016,2523.29,2597.966,1483.504,3951.422,4067.925,4678.794,4169.91,3538.16,5646.314,3351.655,3218.374,3522.835,2779.504,3663.021,4830.295,2770.72,4372.378,5515.091,1168.62,2737.71,586.828,2997.683,1758.813,1890.431,3083.973,4738.88,5363.83,1540.79,3023.281,6255.328,1954.281,3788.342,3376.498,4520.514,4023.558,4756.943,1008.186,3337.195,5451.523,5208.969,5394.22,4605.479,4580.347,2963.641,3894.429,3685.848,2024.852,2927.916,4597.891,4116.786,479.752
"41",4484.054,3333.488,4359.717,3661.02,5911.14,3944.482,5045.53,1383.044,3530.464,2012.156,3934.58,3955.519,2818.628,3020.985,4444.533,3524.601,1000.805,5097.132,3875.115,3583.283,2508.623,2176.056,4283.919,6047.461,4344.38,2874.029,5798.641,3016.448,3047.038,2693.058,3395.195,3226.758,4168.473,4536.389,2207.851,6731.238,2627.661,875.741,4385.152,1461.201,4085.487,679.436,6152.484,4644.456,1962.296,2780.41,5003.261,3725.77,6403.811,6339.618,3107.332,3118.75,1272.605,4558.695,1564.438,1236.243,3993.205,2868.107,2655.189,2875.111
"42",5930.951,1746.945,1168.697,470,2720.12,5970.876,1854.51,2444.111,1297.145,4038.55,1246.389,2082.87,4845.022,547.334,1406.022,614.944,3813.18,2381.371,684.095,392.263,907.782,1510.789,6254.342,2856.441,1153.36,1193.17,2982.805,4336.274,1177.417,3344.62,1003.922,2017.043,2047.219,1345.369,5020.226,3540.218,4298.582,2393.702,2791.837,2843.868,894.467,3491.811,2961.464,6614.879,4774.671,3765.978,6664.083,6200.988,3212.791,3148.598,1138.11,1087.395,2334.062,1367.675,2570.792,2433.599,802.185,5343.325,628.327,3237.544
"43",3737.377,4207.34,3916.017,3217.32,5362.277,3202.035,4601.83,632.748,2520.649,1269.709,2925.306,2882.545,2076.181,3073.731,4153.342,3300.411,1511.967,5034.494,3334.676,3139.583,2490.12,1697.256,3537.242,5603.761,3371.518,3378.184,5635.928,2268.5,2503.912,1620.084,2852.069,2153.784,3095.499,3684.771,2714.355,6287.538,1880.984,1620.665,5261.134,388.227,3641.787,1348.872,5631.109,3897.779,2729.27,1707.436,4256.584,3582.679,5960.111,5895.918,3611.285,3586.153,1561.025,4114.995,2491.799,486.767,3076.724,2725.637,3122.592,1802.137
"44",5695.504,1957.962,1372.019,590.201,2839.065,5884.806,1974.711,2369.222,1061.698,3952.48,1010.942,1847.423,4758.952,758.351,1617.039,825.961,3874.783,2592.388,754.902,434.464,1118.799,1440.442,6041.091,2976.642,1224.167,1404.187,3193.822,4100.827,943.317,3109.173,768.475,1781.596,1811.772,1416.176,5077.171,3660.419,4063.135,2604.719,3002.854,2757.798,1014.668,3702.828,3081.665,6401.628,4985.688,3530.531,6428.636,6126.099,3332.992,3268.799,1349.127,1298.412,2545.079,1487.876,2781.809,2358.71,872.992,5268.436,839.344,3002.097
"45",1611.554,6519.246,5289.912,5213.8,5466.804,4341.006,5173.287,3373.846,3716.728,1795.214,3905.874,2791.412,3221.549,5385.637,5893.916,5477.818,2810.084,6861.436,4659.563,4526.282,4840.547,4126.301,2933.148,6045.417,4045.522,5690.09,6730.213,475.644,4055.422,2207.639,4315.395,3076.525,3190.25,4358.775,4009.039,6578.952,1133.605,4361.763,7573.04,2668.453,5096.25,2970.924,5735.636,3293.685,4033.516,1405.164,2218.987,4721.65,6424.091,6609.342,5923.191,5898.059,4302.123,5109.551,5056.53,3228.717,4235.824,3868.018,5434.498,2100.563
"46",6493.811,3294.275,1360.854,1940.105,399.821,7879.356,691.68,4553.273,2730.695,5583.1,2201.554,2932.337,6753.502,2727.065,1799.227,2268.209,6058.834,1766.965,2048.043,2209.761,3302.85,3624.493,7282.052,950.946,1838.229,3588.238,1635.742,4899.134,2937.867,4205.859,2550.159,3090.306,2371.853,1413.469,7261.222,1484.481,5159.821,4788.77,3881.205,4752.348,1797.784,5886.879,641.165,7642.589,7169.739,4627.217,7226.943,8260,1329.62,1514.871,3444.652,2704.864,4729.13,1200.546,4965.86,4542.761,2171.1,7402.958,3023.395,4098.783
"47",4613.661,3228.78,2270.952,1960.313,2854.623,5548.567,2197.022,2478.934,426.262,3150.686,749.59,765.58,4422.713,2095.171,2874.956,2224.331,3984.495,3850.305,1406.076,1272.795,1672.783,1550.154,4917.387,3433.236,922.344,2399.624,3805.504,3018.984,764.956,2027.33,1024.929,657.892,729.929,1235.597,5186.883,3966.771,2981.292,2827.776,4282.574,2421.559,1842.763,3821.4,3123.455,5277.924,5201.798,2448.688,5346.793,5929.211,3811.91,3826.163,2632.725,2607.593,2768.136,2090.591,3129.322,2468.422,982.337,5072.169,2144.032,1920.254
"48",6108.306,2828.396,4389.89,3691.193,5941.313,5565.573,5075.703,1895.551,3560.637,3633.247,3964.753,3987.261,4439.719,3051.158,4474.706,3554.774,2621.896,5066.935,3905.288,3613.456,2538.796,2207.35,5908.171,6077.634,4374.553,2450.949,5801.348,4650.138,3077.211,3462.106,3425.368,3258.5,4200.215,4566.562,3828.942,6761.411,4252.961,905.914,3880.06,2515.052,4115.66,2300.527,6182.657,6268.708,3583.387,3835.079,6627.513,5346.861,6433.984,6369.791,2660.264,3148.923,1302.778,4588.868,1059.346,2061.381,4023.378,4489.198,2685.362,3355.03
"49",33.426,7666.317,6436.983,6360.871,6613.875,3213.908,6320.358,4430.526,4863.799,2536.828,5052.945,3938.483,2095.853,6532.708,7040.987,6624.889,3551.698,8008.507,5806.634,5673.353,5987.618,5273.372,1802.929,7192.488,5192.593,6837.161,7877.284,1622.715,5202.493,3305.041,5462.466,4223.596,4337.321,5505.846,2883.886,7726.023,2034.911,5417.823,8720.111,3726.482,6243.321,3868.687,6882.707,2163.466,3650.549,2468.332,1086.773,3594.552,7571.162,7756.413,7070.262,7045.13,5358.803,6256.622,6102.278,4284.545,5382.895,2740.92,6581.569,3197.965
"50",7776.398,1811.863,1447.883,1892.675,2401.95,7802.636,1726.27,4156.608,3151.777,5870.31,2951.03,3928.317,6676.782,1720.738,805.418,1570.322,5318.116,575.099,2286.131,2400.421,2412.718,3061.452,8086.102,2040.515,2721.67,2341.486,1500.575,6181.721,3030.376,5190.067,2857.048,3862.49,3795.952,2535.628,6525.162,2608.326,6144.029,3898.638,2013.879,4675.628,1795.899,4996.747,2413.696,8446.639,6279.607,5611.425,8509.53,7770.637,2275.605,2211.412,2105.934,1411.091,3838.998,1544.725,3717.946,4265.359,2810.343,6912.974,1889.877,5082.991
"51",7238.837,1603.86,910.322,1359.396,2017.313,7273.505,1164.949,3627.477,2622.646,5341.179,2413.469,3390.756,6147.651,1191.607,244.097,1037.043,4788.985,996.771,1752.852,1871.29,1883.587,2532.321,7556.971,2138.145,2184.109,1994.052,1598.205,5644.16,2501.245,4652.506,2327.917,3324.929,3258.391,1998.067,5996.031,2705.956,5606.468,3369.507,2190.968,4146.497,1258.338,4467.616,2258.657,7917.508,5750.476,5073.864,7971.969,7241.506,2373.235,2309.042,1758.5,1014.449,3309.867,983.404,3370.512,3736.228,2281.212,6383.843,1493.235,4545.43
"52",48.552,7877.206,6647.872,6571.76,6824.764,3229.034,6531.247,4641.415,5074.688,2747.717,5263.834,4149.372,2110.979,6743.597,7251.876,6835.778,3762.587,8219.396,6017.523,5884.242,6198.507,5484.261,1818.055,7403.377,5403.482,7048.05,8088.173,1833.604,5413.382,3515.93,5673.355,4434.485,4548.21,5716.735,2899.012,7936.912,2245.8,5628.712,8931,3937.371,6454.21,4079.576,7093.596,2178.592,3861.438,2679.221,1101.899,3609.678,7782.051,7967.302,7281.151,7256.019,5569.692,6467.511,6313.167,4495.434,5593.784,2756.046,6792.458,3408.854
"53",1961.875,5937.431,4841.686,4672.788,5018.578,4410.834,4725.061,2486.232,3165.912,1863.245,3364.862,2250.4,3291.377,4834.821,5445.69,4936.806,2878.115,6413.21,4118.551,3985.27,4289.731,3546.4,3002.976,5597.191,3537.616,5139.274,6281.987,412.505,3504.606,1353.724,3764.579,2525.709,2657.327,3850.869,4078.835,6130.726,880.745,3474.149,6989.095,1780.304,4555.238,2718.031,5287.41,3363.513,4100.004,517.015,2569.308,4791.478,5975.865,6161.116,5372.375,5347.243,3414.509,4661.325,4168.381,2341.103,3694.812,3937.846,4883.682,1246.648
"54",7648.301,2290.69,1294.153,1854.663,1630.291,7994.596,1243.299,4396.057,3277.942,6062.27,2822.933,3800.22,6868.742,1960.187,877.392,1670.338,5557.565,551.962,2209.764,2371.482,2652.167,3300.901,7993.888,1381.301,2593.573,2762.632,988.786,6053.624,3188.061,5061.97,2985.15,3734.393,3667.855,2407.531,6764.611,2065.078,6015.932,4138.087,2678.731,4867.588,1712.342,5236.196,1754.482,8354.425,6519.056,5483.328,8381.433,8010.086,1737.651,1673.458,2527.08,1783.029,4078.447,1308.719,4139.092,4457.319,2776.925,7152.423,2261.815,4954.894
"55",4118.374,3823.302,3531.979,2833.282,5034.801,3581.413,4217.792,247.484,2458.23,1649.087,2862.887,2820.126,2455.559,2689.693,3769.304,2916.373,1438.365,4650.456,2950.638,2755.545,2106.082,1313.218,3918.239,5219.723,3309.099,2994.146,5251.89,2608.943,2119.874,1558.825,2468.031,2091.365,3033.08,3611.322,2640.753,5903.5,2261.981,1234.758,4877.096,460.479,3257.749,1275.27,5303.633,4278.776,2655.668,1780.506,4637.581,3689.681,5576.073,5511.88,3227.247,3202.115,1176.987,3730.957,2105.892,100.683,3014.305,2832.018,2738.554,1740.878
"56",7938.083,1531.856,1609.568,1993.783,2682.528,7903.744,1887.955,4257.716,3252.885,5971.418,3112.715,4090.002,6777.89,1643.839,967.103,1671.43,5234.811,855.677,2387.239,2501.529,2329.413,3162.56,8187.21,2321.093,2883.355,2060.908,1781.153,6343.406,3131.484,5351.752,2958.156,4024.175,3957.637,2697.313,6441.857,2888.904,6305.714,3815.333,1919.897,4776.736,1944.719,4913.442,2694.274,8547.747,6196.302,5773.11,8671.215,7871.745,2556.183,2491.99,1825.356,1130.513,3755.693,1706.41,3437.368,4366.467,2911.451,7014.082,1609.299,5244.676
"57",6312.073,3129.949,1082.121,1624.51,837.027,7384.125,647.025,4233.532,2235.464,5122.872,1718.618,2695.905,6258.271,2421.613,1634.901,1962.757,5739.093,2231.659,1552.812,1714.53,2983.754,3304.752,6889.573,1415.64,1489.258,3269.142,2100.436,4717.396,2442.636,3957.655,2054.928,2630.078,2190.115,924.968,6941.481,1949.175,4911.617,4469.674,3716.879,4257.117,1425.989,5567.783,1105.859,7250.11,6850.643,4379.013,7045.205,7764.769,1794.314,1979.565,3139.2,2422.848,4410.034,907.637,4646.764,4223.02,1686.508,6907.727,2704.299,3850.579
"58",5367.751,3045.741,3889.533,3190.836,5440.956,4825.018,4575.346,1395.194,3060.28,2892.692,3464.396,3486.904,3699.164,2550.801,3974.349,3054.417,1881.341,4626.948,3404.931,3113.099,2038.439,1706.993,5167.616,5577.277,3874.196,2403.845,5328.457,3909.583,2576.854,2961.749,2925.011,2758.143,3699.858,4066.205,3088.387,6261.054,3512.406,405.557,4097.405,1774.497,3615.303,1559.972,5682.3,5528.153,2842.832,3094.524,5886.958,4606.306,5933.627,5869.434,2637.148,2648.566,802.421,4088.511,1276.691,1549.213,3523.021,3748.643,2185.005,2854.673
"59",3131.418,4692.424,3463.09,3386.978,3639.982,5843.741,3346.465,2808.226,1889.906,3296.152,2079.052,964.59,4724.284,3558.815,4067.094,3650.996,4311.022,5034.614,2832.741,2699.46,3013.725,2299.479,4435.883,4218.595,2218.7,3863.268,4903.391,1536.741,2228.6,1359.69,2488.573,1249.703,1363.428,2531.953,5511.742,4752.13,2313.652,3159.496,5746.218,2727.143,3269.428,4149.36,3908.814,4796.42,5529.805,1781.048,3864.55,6224.385,4597.269,4782.52,4096.369,4071.237,3099.856,3282.729,3812.634,2797.714,2409.002,5370.753,3607.676,1252.614
"60",7492.484,3071.182,1155.335,1734.586,1302.768,7874.519,1060.08,4347.754,3157.865,5942.193,2667.116,3644.403,6748.665,2507.593,1576.134,2048.737,5853.315,1025.992,2089.687,2251.405,3097.331,3418.974,7838.071,620.875,2437.756,3382.719,892.373,5897.807,3067.984,4906.153,2865.073,3578.576,3428.042,2166.949,7055.703,1304.652,5860.115,4583.251,3515.133,4747.511,1592.265,5681.36,994.056,8198.608,6964.22,5327.511,8225.616,8104.631,977.225,913.032,3225.18,2481.771,4523.611,1169.901,4760.341,4337.242,2635.006,7246.968,2817.876,4799.077
