0,1,2,3,4,5,6,7,8,9,10,11,12,13,14,15,16,17,18,19,20,21,22,23,24,25,26,27,28,29,30,31,32,33,34,35,36,37,38,39,40,41,42,43,44,45,46,47,48,49,50,51,52,53,54,55,56,57,58,59,60,61,62,63,64,65,66,67,68,69,70
1.0,2226.471,6631.797,1942.36,6306.392999999997,5788.285,7303.330999999999,952.906,6562.217999999997,3203.7129999999993,4461.702999999999,3578.1979999999985,2325.737,1601.1399999999999,4866.36,4823.599,803.8239999999998,5644.696,6724.307000000001,5871.376,2313.048,7605.459,4379.4349999999995,5441.516999999997,5308.235999999998,5061.085,4268.221,1457.1439999999996,7586.196999999997,5312.572,5852.229,5949.149,7857.694999999996,6021.19,3811.8419999999996,4800.397,3559.027,5060.369999999999,4094.8379999999993,5036.552999999999,5625.824999999999,1109.021,8269.974,2585.147,4178.2919999999995,7683.460999999998,2792.9280000000003,5878.203999999999,2633.465,7572.1630000000005,1817.6809999999996,2405.629,3646.1910000000003,2176.486,1333.55,7942.546999999996,7878.353999999998,6182.250000000001,6157.1179999999995,4129.744000000001,6126.031999999997,7371.215000000001,4862.747,3057.7319999999995,5017.7779999999975,7124.028000000002,6472.9749999999985,479.918,4259.517,5693.557000000001,3741.67
2.0,1694.0759999999998,6331.615999999999,1339.8919999999998,5670.944999999998,5360.305999999999,6238.962,2421.2639999999997,5595.3200000000015,2894.504,3826.255,2975.7299999999987,1723.269,998.672,4147.888,3372.071,1301.807,5335.486999999999,6274.948999999998,5562.1669999999995,2012.678,7250.297999999998,3655.7399999999993,4806.069,4672.7880000000005,4751.876,3959.0120000000006,1493.9409999999998,6817.575,4320.642,5543.02,5639.94,7203.8020000000015,5711.980999999999,2360.8569999999995,4164.9490000000005,2106.7999999999997,4424.922,3186.052,3585.025,4633.895,2089.297,7351.110000000001,1132.92,3878.1109999999994,7383.279999999998,2190.46,5242.755999999999,2332.6310000000003,6507.794000000001,1854.4779999999998,2113.774,2193.964,2213.283,2801.908,7196.249000000001,7224.461,5873.041000000001,5847.909,3822.781000000001,5490.584,6976.745000000003,4562.566,2748.5229999999997,4382.329999999999,6814.819000000001,5506.077000000001,1948.2759999999998,3959.336,5384.348,2289.4429999999998
3.0,6659.633999999999,2243.7470000000003,5111.200999999999,310.32599999999996,889.5769999999999,1367.207,7029.509999999999,501.597,3502.7450000000003,2312.8559999999998,3262.5289999999995,4519.113999999999,5097.183999999999,1834.2659999999998,2811.5530000000003,5903.655999999998,1676.5370000000003,748.699,1217.681,5008.3060000000005,1530.8909999999998,2329.5070000000005,1244.6779999999999,1406.3960000000002,2252.3219999999997,2573.965,7005.220999999999,1503.5279999999998,1604.906,2099.4069999999997,2537.7100000000005,1775.026,1226.367,5064.956999999999,2222.975,4073.303,2020.0639999999999,2745.726000000001,2679.1880000000006,1418.8639999999998,6210.694,2187.305,5027.265,3738.2419999999997,2830.6769999999997,3902.502,747.256,4836.351,1608.5509999999997,7365.758,6119.211,4494.661,7392.765999999999,7259.621999999997,1859.8779999999995,1795.6849999999997,2394.1239999999993,1654.3360000000002,3678.6019999999994,324.892,1296.647,3915.3319999999994,3492.2329999999997,1802.1559999999997,1266.824,676.558,6401.958999999999,4146.451999999999,1972.867,3966.226999999999
4.0,5346.356,2795.265,2990.85,2503.942,1805.2449999999997,3622.4459999999995,4909.158999999999,2874.662,1382.394,1190.945,1246.3999999999999,2418.148,2976.8329999999996,1595.061,1856.1449999999998,3783.3049999999994,1661.656,2741.2669999999994,1888.336,2887.955,3622.419,1109.1779999999999,1538.283,1376.798,1078.0449999999998,453.614,5192.625,3885.727,2006.9579999999999,1869.1889999999999,1966.1089999999997,4157.224999999999,2038.1499999999999,3751.6790000000005,707.519,2676.158,1055.676,1127.384,1918.1619999999998,2198.967,4090.3429999999985,4569.503999999999,3536.3669999999993,1722.683,3849.0589999999997,1782.1509999999998,2061.629,2724.8600000000006,3891.2779999999993,5553.161999999999,4103.651999999999,3052.851,5911.967000000001,5139.271,4242.076999999999,4177.883999999999,2199.2099999999996,2174.078,1663.0430000000001,2425.5620000000004,3388.175,2001.198,1371.8819999999998,1655.783,3140.988,2785.4190000000003,4281.607999999999,2130.893,1710.5169999999998,2569.082
5.0,7465.4130000000005,1253.744,5473.986999999999,1430.0619999999997,1482.3349999999998,2560.813,7392.2959999999985,1708.449,3746.2679999999996,2741.437,3729.537,4901.285,5459.969999999999,2731.201000000001,3617.3319999999994,6266.441999999998,1132.391,787.597,1159.982,4729.768999999999,1319.665,3091.3899999999994,1875.791,1990.081,1824.3709999999999,2651.112,7675.761999999999,2561.468,2501.8410000000003,1234.656,1631.974,2021.5280000000005,714.357,5870.736,2620.036,4879.081999999999,2446.7079999999996,3532.1859999999992,3576.123,2315.7990000000004,5936.8150000000005,3129.2789999999995,5833.044000000001,3310.291,1840.852,4265.288,1433.271,4408.400000000001,2802.1569999999997,8036.299,5691.2599999999975,5300.44,8198.544999999996,7360.297,2796.5580000000004,2732.365,1396.4219999999998,652.371,3250.6510000000003,1526.904,1185.8500000000001,3008.4339999999993,3855.019,2400.003,463.98800000000006,1883.41,6502.633999999999,3706.6360000000004,1131.157,4772.006
6.0,6985.193999999999,2894.186,5737.859999999999,960.7649999999999,1540.0159999999996,795.478,7679.949,552.79,4153.184,2676.6719999999996,3588.088999999999,4844.674,5564.079999999997,2159.826,3137.113,6554.095,2326.9759999999997,1399.138,1868.12,5658.745,1240.6280000000002,2655.067,1895.1169999999997,2056.8349999999996,2902.761,3224.404,7330.780999999998,837.907,1930.4660000000001,2749.8459999999995,3188.149,1109.4049999999997,1876.8059999999996,5390.517,2873.414,4398.863,2496.136,3071.2860000000005,2920.752,1659.6589999999999,6861.133000000002,1521.6839999999997,5352.825,4388.681,3481.115999999999,4552.941000000001,1397.695,5486.789999999999,959.6590000000001,7691.317999999999,6769.650000000001,4820.221,7718.325999999996,7910.060999999998,1194.257,1130.0639999999999,3044.5629999999996,2304.7749999999996,4329.040999999999,975.3309999999999,882.348,4565.770999999999,4142.672,2127.716,1917.2630000000001,734.6909999999999,7052.397999999999,4796.890999999999,2623.306,4291.786999999998
7.0,5695.407,2397.288,4448.072999999999,891.472,658.391,1895.0809999999997,6504.241999999999,1147.2969999999998,3265.539,1355.581,2298.302,3554.8869999999993,4274.293,870.039,1847.326,5378.387999999999,1455.494,1495.476,996.638,4771.1,2470.825,1365.28,584.9449999999999,746.663,2015.8869999999997,2336.7590000000005,6040.994,2171.276,640.6790000000001,1862.972,2301.2749999999996,2442.774,1142.0839999999998,4100.73,1562.753,3109.0759999999996,1062.789,1781.4989999999998,1714.961,467.411,5973.488000000001,2855.053,4063.037999999999,3501.8069999999993,3020.3210000000004,3377.2340000000004,463.28299999999996,4599.916000000001,2163.913,6401.531000000001,5882.776,3530.4339999999993,6428.539000000001,6884.885999999999,2527.6259999999997,2463.4329999999995,2173.0809999999997,1456.7290000000003,3442.1670000000004,711.111,2215.717,3678.897,3255.027,837.929,2192.738,1058.054,6027.843999999999,3910.0169999999994,1736.4320000000002,3001.999999999999
8.0,2638.552,5174.879,178.749,4542.781999999998,4232.143,5539.72,2873.794,4798.606999999999,1733.3610000000003,2698.091999999999,1814.5869999999998,562.126,571.134,3102.749,3059.9879999999994,1747.9399999999998,4174.344,5146.786000000001,4401.023999999999,1332.302,6122.135,2615.8239999999996,3677.9059999999995,3544.6249999999995,3590.7329999999993,2797.8690000000006,2438.417,5822.586000000001,3548.961,4381.876999999999,4478.796999999999,6094.083999999999,4550.838,2094.582,3036.7859999999996,1796.6970000000001,3296.7589999999996,2331.227,3272.9420000000005,3862.2139999999995,2534.69,6506.363000000003,822.8679999999999,2721.278,6226.542999999999,1029.317,4114.593,1171.488,5808.552000000001,2798.9540000000006,2556.962,1883.861,3157.7589999999996,3254.438,6178.935999999999,6114.743000000001,4711.897999999998,4686.765999999999,2661.638,4362.420999999999,5867.027000000002,3405.8289999999997,1587.3799999999997,3254.1669999999995,5653.6759999999995,4709.3640000000005,2397.3959999999997,2802.599,4223.205000000001,1979.34
9.0,5119.360000000001,2944.3,2871.8749999999995,2466.7779999999993,1942.4929999999997,3463.716,4790.184,2722.603,1720.5510000000002,622.088,1027.7489999999998,2299.173,2857.8579999999993,1026.7450000000001,1331.4160000000002,3664.3299999999995,1810.6909999999998,2878.514999999999,2037.371,3226.112,3771.4539999999997,539.8199999999999,1452.776,1291.2910000000002,1227.08,791.771,5073.6500000000015,3746.5820000000012,1472.9569999999997,2018.2239999999997,2115.1440000000002,4018.0799999999995,2187.185,3524.683,622.012,2533.029000000001,970.169,900.3879999999999,1348.8039999999999,1786.21,4428.499999999999,4430.3589999999995,3417.392,2069.3929999999996,3998.0939999999996,1663.176,1976.122,3063.0170000000003,3732.547999999999,5434.187,4443.414999999999,2933.8759999999997,5792.992000000001,5170.827999999999,4102.932,4038.739,2348.245,2323.113,2009.753,2286.417,3537.21,2370.939,1710.039,1178.163,3290.0230000000006,2633.36,4313.785999999999,2477.6029999999996,1859.552,2425.9529999999995
10.0,8358.444,3246.7309999999998,6941.146000000001,2140.2709999999997,2719.522,2013.6370000000002,8859.455,2045.0159999999998,5332.6900000000005,4142.8009999999995,5080.3150000000005,6336.9000000000015,6927.129,3652.0519999999997,4629.339,7733.601,2916.227999999999,1833.4329999999998,2626.379,6513.605999999996,1114.735,4147.292999999999,3074.6229999999996,3236.341,3608.208,4256.942,8823.007,904.4189999999999,3422.692,3321.3549999999996,3718.6730000000007,468.89799999999997,2320.187,6763.766999999998,4052.9199999999996,5891.088999999999,3850.008999999999,4563.512,4236.486,3151.8849999999998,7720.652,928.763,6845.050999999998,5094.128000000001,3634.7719999999995,5732.447,2577.201,6192.236999999997,1277.5999999999997,9183.544,7475.096999999998,6312.446999999999,9091.576000000001,8966.127,596.0419999999999,531.8489999999999,3483.1209999999996,2739.0699999999997,5034.488,2154.837,1273.7589999999998,5095.133,5322.177999999999,3619.941999999999,1901.516,2226.917,8108.463999999999,5502.337999999998,3217.8559999999993,5784.013
11.0,8492.879,3363.2529999999992,7075.581,2274.706,2853.957,2148.072,8993.89,2179.451,5467.125000000001,4277.236,5214.75,6471.335000000001,7061.563999999999,3786.4869999999996,4763.773999999999,7868.035999999999,3050.6629999999996,1967.8679999999997,2760.8140000000003,6648.040999999997,1099.739,4281.727999999999,3209.057999999999,3370.776,3742.643,4391.3769999999995,8957.442,1038.854,3557.1269999999995,3455.79,3853.1080000000006,603.333,2454.6219999999994,6898.201999999998,4187.355,6025.523999999999,3984.4439999999995,4697.946999999999,4370.921,3286.3199999999997,7855.087000000001,1063.198,6979.485999999998,5228.563,3565.269,5866.882,2711.636,6326.671999999997,1412.0349999999999,9317.979,7609.531999999999,6446.881999999999,9226.010999999999,9100.562,730.4770000000001,666.284,3617.5560000000005,2873.504999999999,5168.923,2289.272,1408.194,5229.567999999999,5456.613,3754.3769999999995,1831.968,2361.3520000000003,8242.899,5636.772999999999,3352.2909999999993,5918.448
12.0,6743.809,999.5699999999999,4752.383,1779.297,1311.165,3464.7320000000004,6670.691999999998,2603.776,3024.6639999999998,2019.833,3007.932999999999,4179.680999999999,4738.365999999999,2059.247,2895.7279999999996,5544.837999999999,636.2639999999999,1778.5240000000003,988.812,3951.346,2410.9990000000003,2369.7859999999996,1560.309,1268.4769999999996,1045.9479999999999,1929.508,6954.157999999999,3601.053,2029.5739999999998,702.6099999999999,599.962,3112.8619999999996,946.929,5149.132,1898.4319999999998,4157.478,1725.1039999999998,2810.5819999999994,2860.0769999999998,2221.583,5158.392,4220.612999999999,5111.4400000000005,2531.868,2066.755,3543.6839999999993,1644.899,3629.9770000000003,3706.076,7314.695,4912.836999999999,4578.835999999999,7476.940999999999,6638.6929999999975,3887.8920000000007,3823.698999999999,544.902,433.43500000000006,2472.2280000000005,2116.941,2277.184,1977.5840000000003,3133.415,1678.3989999999997,1555.3220000000001,2639.7079999999996,5781.029999999999,2675.7860000000005,270.46799999999996,4050.4019999999987
13.0,1049.3439999999998,6990.497999999999,1995.118,5912.173000000001,5743.274999999999,6089.065,3079.146,5795.548000000001,3549.6959999999995,4236.398999999999,3628.2669999999994,2378.4610000000002,1655.998,4435.348999999998,3320.8869999999997,1959.6889999999999,5905.307999999999,6516.177,6007.292999999999,2670.868,7483.697000000002,4065.883999999998,5189.038,5055.757,5360.217999999999,4614.204,1670.1660000000002,6667.677999999998,4608.102999999998,6112.840999999999,6209.760999999999,7352.474,6281.801999999999,1681.703,4575.093,2424.211,4835.066,3596.195999999999,3727.8139999999985,4921.355999999999,2747.178999999999,7201.212999999998,1154.0810000000001,4536.9929999999995,8042.161999999998,2845.6520000000005,5625.724999999999,2987.857,6357.896999999999,2030.7029999999995,2772.8489999999997,1587.502,1656.7769999999998,3459.7900000000004,7046.351999999998,7231.602999999998,6442.861999999999,6417.73,4477.973000000001,5731.812,7125.4169999999995,5221.447999999999,3403.7149999999997,4765.298999999998,7213.438999999999,5588.892000000001,2606.158,4618.218,5954.168999999999,2317.1349999999998
14.0,4453.3330000000005,3658.373999999999,3341.9799999999996,2696.5209999999997,2389.9069999999997,3223.5379999999996,5716.135999999999,2579.8960000000006,2653.5329999999994,855.856,1192.209,2448.7940000000003,3168.2,1132.464,605.252,4595.834,2524.765000000001,3300.5249999999996,2653.9249999999997,4159.093999999999,4275.873999999999,700.894,1835.67,1702.3890000000001,2075.068,1724.753,4934.901,3802.1509999999994,1305.2179999999998,2732.2980000000002,2829.218,4188.378,2901.259,2858.656000000001,1194.55,1867.002,1454.5230000000001,675.406,569.6009999999999,1618.471,5361.482,4335.686,2820.964000000001,3002.375,4712.168,2594.68,2272.357,3995.999,3492.37,5295.438,5376.397000000001,2288.3599999999997,5186.465,6096.78,4180.825,4209.037,3062.319,3037.187,2942.735,2516.16,3961.320999999999,3303.921,2643.0209999999997,1411.931,3997.787,2490.6530000000002,5243.148000000001,3410.585000000001,2573.6259999999997,1759.926
15.0,5456.611000000001,2678.2129999999997,3346.3399999999992,2007.4199999999996,1494.017,3023.9429999999998,5264.649,2276.159,2054.875,751.902,1502.2139999999997,2773.638000000001,3332.3229999999994,996.558,1668.6669999999997,4138.794999999999,1544.604,2494.613999999999,1703.536,3560.4359999999997,3469.9629999999997,877.071,939.78,778.2950000000001,1120.1170000000002,1126.095,5497.134000000001,3287.224,1408.455,1752.137,1849.057,3558.7219999999993,1921.0980000000002,3861.9340000000007,323.16,2870.28,457.173,1237.639,1686.0549999999998,1600.464,4762.823999999999,3971.000999999999,3824.242,2300.881,3732.006999999999,2137.6409999999996,1463.126,3397.341,3292.774999999999,5857.671000000001,4681.85,3291.6380000000004,6189.742999999999,5645.292999999999,3643.5739999999996,3579.381,2082.1579999999994,2057.0260000000003,2241.241,1827.0590000000002,3235.7189999999996,2578.969,2044.3629999999996,1057.28,3023.9359999999997,2186.916,4788.250999999999,2709.091,1593.4650000000001,2763.2039999999997
16.0,6046.780999999999,2258.1850000000004,4726.23,779.7059999999999,519.288,1796.2289999999998,6644.538999999999,1048.445,3128.955,1515.768,2649.676,3906.260999999999,4625.666999999999,1221.413,2198.7000000000003,5518.684999999999,1316.391,1342.3290000000002,857.535,4634.5160000000005,2317.678,1716.6540000000002,447.59,609.308,1878.532,2200.1749999999997,6392.367999999999,2059.5099999999993,992.053,1725.6169999999997,2163.9199999999996,2331.0079999999994,1002.9810000000001,4452.104,1703.05,3460.45,1222.9759999999999,2132.8729999999996,2066.335,806.011,5836.904,2743.287,4414.411999999999,3364.4519999999998,2881.218,3517.531,324.18,4462.561,2065.0609999999997,6752.905,5745.420999999999,3881.807999999999,6779.913,6885.831999999998,2415.8599999999997,2351.6669999999995,2033.9779999999996,1317.6260000000002,3304.8120000000004,599.345,2083.434,3541.5419999999995,3118.4430000000007,1014.751,2039.5910000000001,959.2020000000001,6028.169,3772.6619999999994,1599.077,3353.3739999999993
17.0,4864.649,3206.7369999999996,3390.4769999999994,2248.9089999999997,1938.27,3105.6110000000003,5557.63,2448.01,2487.9970000000003,404.21899999999994,1240.7060000000001,2497.291,3216.6969999999997,808.876,1016.568,4431.776,2073.1279999999997,2852.9129999999996,2202.2879999999996,3993.558,3828.262,280.363,1384.033,1250.752,1681.8460000000002,1559.2169999999999,4983.398,3528.7130000000006,1173.332,2280.661,2377.581,3800.211,2449.622,3269.972,742.913,2278.3179999999998,1002.886,723.903,980.9169999999999,1486.585,5195.946,4212.49,3232.2799999999993,2836.839,4260.531,2430.622,1820.7199999999998,3830.463,3374.4429999999993,5343.935000000001,5210.861,2699.676,5597.781,5938.273999999999,3885.063,3820.8700000000003,2610.6820000000002,2585.55,2777.199,2068.548,3573.154,3138.3849999999998,2477.4849999999997,960.2939999999999,3550.1749999999993,2358.767,5081.232,3245.049000000001,2121.989,2171.2419999999997
18.0,2739.9060000000004,5107.6759999999995,1216.742,5130.404,4431.706999999999,6576.595999999999,2161.23,5816.2170000000015,1847.1349999999998,3734.9679999999994,2851.4629999999997,1599.002,876.0419999999999,4139.625,4096.864,1035.376,4288.1179999999995,5367.729,4514.798,788.0459999999999,6248.881000000002,3652.7000000000003,4549.062999999998,4353.969999999999,3691.7069999999994,2911.6430000000005,2539.7709999999997,6818.148,4585.8369999999995,4495.650999999999,4592.570999999999,6850.3150000000005,4664.612,3091.005,3718.2989999999995,2834.403,4066.456,3368.1029999999996,4309.817999999999,4899.089999999999,1338.7649999999999,7501.925000000003,1860.861,2654.171,6159.339999999999,1602.6139999999996,4856.174,1108.4629999999997,6845.427999999999,2900.3080000000004,1362.657,2921.755,3259.113,2058.973,7174.498,7110.305,4825.671999999999,4800.539999999998,2604.7419999999997,5329.3820000000005,6014.637,3338.6259999999993,1701.1539999999995,4291.043,5767.450000000001,5746.239999999999,1201.3099999999997,2735.3960000000006,4336.978999999999,3016.455999999999
19.0,5407.129000000001,3192.557,4670.1979999999985,1292.9920000000002,1455.607,1705.317,6856.203999999999,1176.367,3786.5710000000004,1707.543,2520.4270000000006,3777.0119999999997,4496.417999999999,1114.8719999999998,1845.6549999999997,5730.349999999998,2252.7099999999996,1896.996,1793.8539999999998,5292.132,2872.3449999999993,1603.2900000000002,1383.9089999999999,1405.0710000000001,2674.2949999999996,2857.791,6195.370000000001,2283.93,751.547,2521.3799999999997,2959.683,2784.8489999999997,1902.0249999999999,3812.452,1914.715,3119.1769999999997,1719.2350000000001,2003.6239999999998,1285.1709999999998,476.83299999999997,6494.5199999999995,2817.4649999999997,4073.1389999999997,4135.4130000000005,3779.665,3729.196,1257.086,5129.037,1974.149,6555.907,6509.434999999999,3540.535,6140.260999999999,7236.847999999999,2662.6040000000003,2805.5079999999994,2904.6229999999996,2253.9449999999997,4075.7730000000006,1112.631,2557.792,4337.304999999999,3776.0590000000007,1084.4180000000001,2594.2579999999994,1087.124,6379.806,4543.6230000000005,2394.84,3012.1009999999997
20.0,8244.563999999998,1167.301,6253.138,2069.1490000000003,2261.486,3052.0769999999998,8171.446999999999,2347.536,4525.418999999999,3520.5879999999993,4508.687999999998,5680.435999999999,6239.120999999999,3510.3520000000003,4396.482999999999,7045.592999999999,1911.5419999999997,1426.684,1939.133,5502.513999999998,1225.2259999999999,3870.5409999999993,2654.942,2769.2320000000004,2597.1159999999995,3430.2629999999995,8454.912999999999,2690.6419999999994,3280.9920000000006,1980.5009999999995,2033.0209999999997,2150.7019999999998,1493.508,6649.886999999998,3399.187,5658.232999999999,3225.8589999999995,4311.3369999999995,4355.273999999999,3094.9500000000003,6709.56,3258.4529999999995,6612.195000000001,3938.2889999999993,1555.342,5044.4389999999985,2212.422,5181.145,3063.8229999999994,8815.449999999999,6464.004999999998,6079.590999999999,8977.695999999998,8139.447999999999,2925.7319999999995,2861.5389999999993,1949.0930000000003,1398.216,4023.396,2165.9910000000004,1421.7859999999998,3104.7129999999997,4634.169999999999,3179.154,603.307,2522.497,7281.784999999998,3802.9150000000004,1877.0020000000002,5551.156999999999
21.0,4622.700000000001,3417.866,3885.7689999999993,2021.5320000000002,1996.9969999999996,2198.4240000000004,6096.128000000001,1904.907,3026.4950000000003,973.823,1735.9979999999996,2992.5829999999996,3711.988999999999,689.071,1061.226,4970.273999999999,2218.2549999999997,2625.536,2261.015,4532.0560000000005,3593.0559999999996,818.861,1442.7599999999998,1309.4789999999998,2220.344,2097.7149999999997,5410.941000000002,2777.0370000000003,777.142,2425.7879999999996,2864.0909999999994,3461.8329999999996,2558.248,3028.023,1312.5170000000003,2334.748,1572.49,1219.195,500.74199999999996,1090.395,5734.444000000001,3310.572,3288.71,3375.337,4436.484999999999,2969.12,1879.4469999999997,4368.961,2467.2560000000003,5771.478000000001,5749.359,2756.1059999999998,5355.831999999999,6476.772,3155.7110000000002,3340.9619999999995,2809.0309999999995,2733.4659999999994,3315.6970000000006,1841.1710000000003,3234.776,3676.8829999999994,3015.983,1019.021,3322.7979999999993,1698.251,5619.73,3783.5470000000005,2299.248,2227.672
22.0,5076.1410000000005,2747.997,2820.3109999999997,2439.013,1757.9769999999999,3455.535999999999,4738.62,2707.752,1302.863,1024.035,976.185,2247.609,2806.2939999999994,1428.1509999999998,1585.9299999999998,3612.7659999999996,1614.388,2693.9989999999993,1841.068,2808.424,3575.151,942.268,1371.373,1209.888,1030.7769999999998,374.08299999999997,5022.086,3718.8169999999996,1840.048,1821.9209999999998,1918.8409999999997,3990.314999999999,1990.882,3481.4640000000004,540.6089999999999,2489.81,888.766,857.1689999999999,1751.2519999999997,2032.0569999999998,4010.8119999999985,4402.593999999999,3365.8279999999995,1651.705,3801.7909999999997,1611.6119999999996,1894.719,2645.329,3724.367999999999,5382.6230000000005,4025.726999999998,2882.312,5741.428000000001,5059.74,4075.1669999999995,4010.9739999999993,2151.9419999999996,2126.81,1592.065,2258.6519999999996,3340.9069999999997,1953.251,1292.3509999999999,1488.8729999999998,3093.72,2618.5090000000005,4202.076999999999,2059.915,1663.2489999999998,2382.7339999999995
23.0,7750.678999999998,1837.5819999999999,5858.608,1422.164,1866.956,2376.231,7776.916999999999,1700.5510000000004,4130.889,3126.058,4114.158,5285.905999999999,5844.590999999999,2925.3110000000006,3902.597999999999,6651.062999999998,1695.0189999999998,779.699,1544.6029999999998,5292.396999999998,549.38,3420.5520000000006,2260.4119999999994,2374.7019999999993,2386.999,3035.733,8060.383,2014.7959999999998,2695.9510000000005,2019.095,2367.205,1474.856,1098.978,6156.002,3004.657,5164.348,2831.329,3836.7710000000006,3770.2329999999997,2509.9089999999997,6499.443,2582.6070000000004,6118.310000000002,3872.9190000000003,2039.5980000000002,4649.908999999999,1770.1799999999998,4971.027999999998,2387.9770000000003,8420.92,6253.887999999998,5585.706,8483.810999999996,7744.917999999999,2249.886,2185.6929999999998,2131.6530000000002,1436.81,3813.2790000000005,1519.006,745.94,3743.664999999999,4239.64,2784.6240000000003,306.29699999999997,1875.5120000000002,6887.254999999997,4281.129,1915.5960000000002,5057.272
24.0,3543.7459999999996,6563.798999999999,3280.0549999999994,6789.561999999998,6090.864999999999,8340.984999999997,702.7529999999999,7475.374999999998,3734.434999999999,5798.280999999998,4914.775999999998,3662.314999999999,2939.355,6202.937999999998,6141.573000000001,1511.178,5787.469999999999,6995.559000000001,6014.15,2245.0499999999997,7748.232999999998,5716.013,6287.338,6013.128,5148.710999999998,4534.163999999999,2703.343,8477.305999999997,6649.149999999998,5995.003,6091.922999999997,8349.667,6163.963999999999,5129.117,5456.574,4876.302,5804.731,5431.415999999998,6354.526999999999,6948.021999999999,1041.023,9161.083000000002,3902.422,4110.293999999999,7615.462999999998,3665.926999999999,6515.332,2565.467,8582.328999999998,3063.88,2333.869,4963.465999999999,3492.5409999999997,483.36799999999994,8833.655999999999,8769.462999999998,6325.023999999999,6299.891999999999,4061.7459999999996,6988.539999999999,7513.989,4794.749000000001,3587.6339999999996,6354.355999999997,7266.802,7511.306999999999,862.417,4191.518999999999,5836.330999999999,5058.945
25.0,6892.503000000001,1431.979,4901.076999999999,738.251,909.4250000000001,2423.6860000000006,6819.3859999999995,1562.73,3173.358,2168.527,3156.627,4328.374999999999,4887.0599999999995,2158.291,3044.4219999999996,5693.531999999999,737.4879999999999,690.148,587.0719999999999,4334.865999999999,1442.8220000000001,2518.48,1302.8809999999999,1417.171,1429.4679999999998,2078.202,7102.852,2560.0069999999996,1928.931,1237.485,1687.2959999999998,2044.2560000000003,141.447,5297.826,2047.1260000000002,4306.172,1873.798,2959.276,3003.213,1742.889,5541.912000000001,3152.0069999999996,5260.134000000001,2915.388,2019.087,3692.3779999999992,860.3609999999999,4013.4970000000003,2665.0299999999997,7463.389000000001,5296.356999999998,4727.53,7625.634999999999,6787.386999999999,2819.2859999999996,2755.0929999999994,1451.7440000000001,655.1999999999999,2855.748,1075.895,1208.5780000000002,3063.7559999999994,3282.109,1827.0929999999998,1025.253,1598.662,5929.723999999999,3323.598,1130.699,4199.096
26.0,7488.99,1257.367,5497.564,1591.2459999999999,1505.9119999999998,2892.981,7415.873,2040.6170000000002,3769.845,2765.0139999999997,3753.113999999999,4924.862,5483.547,2754.7780000000002,3640.9089999999987,6290.018999999999,1155.9679999999998,1119.765,1183.559,4746.94,1651.833,3114.966999999999,1899.3679999999997,2013.6579999999997,1841.5419999999995,2674.689,7699.338999999999,2893.636,2525.4179999999997,1224.9269999999997,1628.649,2353.6960000000004,737.934,5894.312999999999,2643.613,4902.659,2470.2849999999994,3555.7629999999995,3599.6999999999994,2339.376,5953.986000000001,3461.4469999999997,5856.621,3327.462,1844.4750000000001,4288.864999999999,1456.8479999999997,4425.571000000001,3134.325,8059.876000000001,5708.430999999999,5324.017,8222.121999999998,7383.874,3128.7259999999997,3064.5329999999994,1393.0970000000002,642.642,3267.822,1859.0720000000001,1518.018,3005.108999999999,3878.595999999999,2423.5800000000004,796.1560000000002,2215.578,6526.210999999998,3703.3110000000006,1121.428,4795.583
27.0,7055.177000000001,985.6079999999998,5063.750999999999,1157.433,1072.099,2842.868,6982.0599999999995,1981.9120000000003,3336.0319999999997,2331.201,3319.301,4491.049,5049.7339999999995,2320.9650000000006,3207.0959999999995,5856.205999999999,722.155,1135.716,749.7459999999999,4313.1269999999995,1791.944,2681.1539999999995,1465.555,1579.8449999999998,1407.729,2240.876,7265.526,2979.189,2091.605,791.1139999999999,1240.9250000000002,2489.8239999999996,304.121,5460.5,2209.8,4468.846,2036.4720000000002,3121.9499999999994,3165.8869999999993,1905.5629999999999,5520.173000000001,3597.5749999999985,5422.808,2893.6489999999994,1572.7160000000001,3855.0519999999988,1023.0349999999999,3991.7580000000007,3084.212,7626.063000000001,5274.6179999999995,4890.204,7788.308999999998,6950.061,3264.8539999999994,3200.660999999999,1005.373,208.829,2834.0090000000005,1495.0770000000002,1654.1460000000002,2617.3849999999993,3444.783,1989.7669999999996,936.267,2017.8440000000003,6092.397999999999,3301.859,687.615,4361.7699999999995
28.0,3729.265999999999,7199.815999999998,3465.575,7379.236999999997,6680.539999999999,8825.429,571.439,8065.049999999997,4095.9680000000003,5983.800999999999,5100.2959999999985,3847.8349999999996,3124.8749999999995,6388.457999999998,6327.093000000002,1696.6980000000003,6423.487,7616.561999999998,6650.166999999999,2881.0669999999996,8384.249999999998,5901.533,6797.895999999999,6602.802999999998,5784.728,5160.476,2888.8629999999994,9066.981,6834.669999999997,6631.0199999999995,6727.939999999998,8985.684000000001,6799.980999999998,5314.637000000001,5967.131999999999,5061.822,6315.288999999997,5616.936,6540.047,7147.922999999998,1677.0400000000002,9750.758000000002,4087.9419999999996,4746.311,8251.479999999998,3851.4469999999997,7105.006999999999,3201.4839999999995,9094.260999999999,3249.399999999999,2970.128,5148.986,3678.0609999999992,352.054,9423.330999999998,9359.137999999997,6961.040999999999,6935.908999999999,4697.762999999999,7578.214999999997,8150.005999999998,5430.766,3949.987,6539.8759999999975,7902.818999999998,7995.072999999995,1047.937,4827.536000000001,6472.347999999999,5244.465
29.0,2479.57,5371.038,686.5139999999999,4738.940999999999,4428.302,5731.436000000001,3060.6699999999996,4994.765999999999,1929.52,2894.2509999999993,2010.7459999999996,758.2850000000001,512.7339999999999,3298.908,2864.545,1941.2129999999997,4370.503,5342.945,4597.183,1527.604,6318.293999999999,2811.983,3874.0649999999996,3740.7839999999997,3786.8919999999994,2994.0280000000002,2279.435,6018.745,3745.12,4578.035999999999,4674.955999999999,6290.242999999999,4746.997,1897.159,3232.9449999999997,1599.274,3492.9179999999997,2527.386,3077.499,4058.3729999999996,2728.324,6702.522000000003,625.394,2917.437,6422.701999999999,1225.4759999999997,4310.7519999999995,1367.647,6000.268,2639.9720000000007,2752.216,1686.4379999999999,2998.777,3441.3140000000003,6375.094999999998,6310.902000000001,4908.057,4882.924999999998,2857.797,4558.579999999999,6063.186000000002,3601.988,1783.5390000000002,3450.3259999999996,5849.835000000001,4905.522999999999,2587.682,2998.7580000000003,4419.364,1781.9170000000001
30.0,6177.361,1985.9119999999998,4302.316999999999,938.838,80.693,2350.3619999999996,6220.625999999999,1484.7520000000002,2693.861,1543.5549999999998,2557.8669999999997,3729.6149999999993,4288.299999999999,1492.799,2329.28,5094.771999999999,1013.5519999999999,1216.002,585.262,4199.422,2191.3509999999997,1847.234,474.14899999999994,633.5989999999999,1443.4379999999999,1765.081,6504.091999999999,2486.6829999999995,1394.6960000000001,1290.523,1728.826,2758.1810000000005,730.7080000000001,4582.683999999999,1426.458,3591.03,1250.332,2263.453,2293.6290000000004,1406.532,5401.81,3170.4599999999996,4544.992,2929.358,2608.9449999999997,3093.618,524.7090000000001,4027.467,2591.7059999999997,6864.629,5310.326999999998,4012.3879999999995,6910.492999999999,6450.7379999999985,2843.0329999999994,2778.84,1673.766,1045.3529999999998,2869.718,997.9170000000001,1957.107,3106.4480000000003,2683.3490000000006,1043.5210000000002,1833.5459999999998,1520.6840000000002,5593.075,3337.568,1163.9830000000002,3483.9539999999997
31.0,4413.545,3726.488999999999,1959.5140000000001,4040.786999999999,3342.0899999999992,5592.209999999999,3876.584,4726.599999999999,991.382,3191.2249999999995,2318.456,1387.192,1944.2579999999998,3595.341,3563.8569999999995,2750.73,3038.6949999999993,4246.784,3265.375,934.572,4999.457999999999,3109.4579999999996,3538.562999999999,3264.3530000000005,2399.9359999999997,1785.3890000000001,4213.41,5728.530999999999,4007.2379999999994,3246.227999999999,3092.3900000000003,5600.891999999999,3415.1890000000003,2944.668,2707.7989999999995,2301.396,3055.9559999999997,2835.096,3776.811,4199.2469999999985,2141.618,6412.307999999999,2557.152,1094.1019999999999,4778.152999999999,1069.539,3766.5569999999993,613.203,5833.553999999997,4573.947,1896.0629999999999,2388.7479999999996,4932.751999999999,3659.5369999999994,6084.880999999998,6020.687999999998,3325.6929999999998,3337.111,1312.971,4239.765,4765.213999999999,1957.4389999999999,844.581,3656.062999999999,4459.816,4762.531999999999,2801.874,1175.327,2873.5499999999997,2483.4489999999996
32.0,1889.806,8196.244999999999,3207.1509999999994,7376.270999999995,7065.631999999997,7883.108999999999,2662.18,7300.646000000001,4761.762999999999,5531.580999999998,4842.988999999998,3590.527999999999,2865.931,5853.213999999999,5077.397,2213.1560000000004,7200.489999999998,7980.274999999995,7329.649999999999,3877.495999999999,8955.623999999998,5361.065999999999,6511.394999999998,6378.114,6619.134999999999,5826.271,776.975,8461.721999999998,6025.967999999998,7408.022999999999,7504.942999999999,8909.128,7576.9839999999995,3475.7469999999994,5870.275,3812.1259999999984,6130.247999999998,4891.378,5290.351,6339.220999999999,2673.4689999999996,8995.256999999998,2838.246,5742.739999999999,9247.908999999996,4057.718999999999,6948.081999999997,4197.912999999999,8151.940999999997,711.364,3973.4209999999985,3381.5460000000003,1043.077,3042.824,8840.395999999999,8929.787,7738.043999999999,7712.9119999999975,5690.04,7195.909999999997,8682.071000000002,6427.194999999999,4615.781999999999,6087.655999999998,8677.536999999997,7211.402999999999,2189.192,5823.964999999999,7249.350999999999,3994.7689999999984
33.0,3544.1000000000004,4384.914,2821.236,3427.085999999999,3116.447,3995.103,5195.045,3351.461,2159.5299999999997,1582.396,974.3629999999999,1929.8569999999997,2647.4559999999997,1904.0289999999998,1128.212,4075.5879999999997,3251.3050000000007,4031.089999999999,3380.465,3662.3259999999996,5006.439,1411.8809999999999,2562.21,2428.9290000000005,2706.215,1962.884,3787.187,4573.715999999999,2076.7829999999994,3458.838,3555.7580000000003,4959.943000000001,3627.7990000000004,1959.529,1921.0899999999997,710.994,2181.063,942.193,1341.1660000000002,2390.036,4863.046,5107.250999999999,1664.9560000000001,2511.07,5438.7080000000005,2078.4469999999997,2998.897,3500.664,4263.9349999999995,4147.724,4881.109,1132.3519999999999,4151.532999999999,5575.688999999999,4952.389999999999,4980.602,3788.8590000000004,3763.7270000000008,2451.4300000000003,3246.7249999999995,4732.886,3164.4259999999995,2149.018,2138.471,4728.352,3262.218,4722.057000000001,2919.28,3300.166,603.918
34.0,2729.762,5201.534000000001,2697.0699999999997,4074.79,3905.892,4251.681999999999,5070.879,3958.165,2035.364,2399.0159999999996,1790.983,1805.691,2523.29,2597.966,1483.504,3951.4219999999996,4067.925,4678.794,4169.91,3538.1599999999994,5646.314,2228.501,3351.6549999999997,3218.3739999999993,3522.834999999999,2779.504,3663.0209999999997,4830.294999999998,2770.72,4275.4580000000005,4372.378,5515.090999999999,4444.419,1168.62,2737.71,586.828,2997.683,1758.813,1890.431,3083.9730000000004,4738.879999999999,5363.829999999998,1540.79,3023.2809999999995,6255.328,1954.281,3788.342,3376.498,4520.513999999999,4023.5579999999995,4756.943,1008.1859999999999,3337.1949999999997,5451.522999999999,5208.968999999999,5394.219999999999,4605.479,4580.347,2963.6409999999996,3894.429,5288.034,3685.8479999999995,2024.8519999999999,2927.9159999999997,5376.056,3751.509,4597.891,3105.325,4116.786,479.752
35.0,4484.054,3333.487999999999,2027.412,4359.717,3661.0199999999995,5911.14,3944.481999999999,5045.530000000001,1383.0439999999999,3530.463999999999,2710.1179999999995,1458.972,2012.1559999999997,3934.5799999999995,3955.5189999999993,2818.628,3020.9849999999997,4444.533,3524.600999999999,1000.805,5097.132,3500.125,3875.115,3583.283000000001,2508.6229999999996,2176.056,4283.919,6047.461000000001,4344.379999999999,3087.3309999999997,2874.0289999999995,5798.6410000000005,3612.9380000000006,3016.448,3047.038,2693.058,3395.1949999999997,3226.758,4168.473,4536.388999999999,2207.851,6731.238,2627.661,875.741,4385.151999999999,1461.2009999999998,4085.4869999999996,679.436,6152.4839999999995,4644.455999999999,1962.2959999999998,2780.41,5003.2609999999995,3725.7699999999995,6403.810999999999,6339.6179999999995,3107.3320000000003,3118.75,1272.605,4558.695,4962.962999999999,1564.4379999999996,1236.2430000000002,3993.2050000000004,4241.454999999999,5081.4619999999995,2868.107,956.966,2655.189,2875.111
36.0,5930.951,1746.9450000000002,4052.5669999999986,1168.6969999999997,470.0,2720.12,5970.875999999999,1854.5099999999998,2444.111,1297.1449999999998,2308.117,3479.8649999999993,4038.549999999999,1246.389,2082.8700000000003,4845.022,547.3340000000001,1406.022,614.9440000000001,3813.1800000000003,2381.3709999999996,1600.8239999999998,684.0949999999999,392.263,907.7819999999999,1510.789,6254.341999999999,2856.441,1153.3600000000001,754.867,1193.17,2982.805,913.6,4336.273999999999,1177.417,3344.6199999999994,1003.9220000000001,2017.0429999999997,2047.2190000000003,1345.369,5020.226000000001,3540.217999999999,4298.582,2393.7019999999998,2791.836999999999,2843.8679999999995,894.4670000000001,3491.8110000000006,2961.464,6614.879,4774.670999999999,3765.9779999999987,6664.082999999999,6200.9879999999985,3212.7909999999993,3148.5979999999995,1138.11,1087.3950000000002,2334.062,1367.6750000000002,2147.1269999999995,2570.7919999999995,2433.599,802.185,2016.4380000000006,1890.4419999999998,5343.324999999999,2801.9120000000003,628.327,3237.543999999999
37.0,3737.377,4207.34,1283.726,3916.016999999999,3217.3199999999993,5362.277,3202.035,4601.83,632.748,2520.649,1637.1439999999998,711.0240000000001,1269.709,2925.3059999999996,2882.5449999999996,2076.1809999999996,3073.7309999999998,4153.341999999999,3300.411000000001,1511.967,5034.494,2438.381,3334.6759999999986,3139.583,2490.1200000000003,1697.256,3537.2419999999997,5603.761000000001,3371.5179999999996,3281.2639999999997,3378.1839999999993,5635.928,3450.225,2268.5,2503.9119999999994,1620.084,2852.069,2153.784,3095.4990000000003,3684.771,2714.355,6287.538000000001,1880.984,1620.665,5261.134000000001,388.227,3641.7869999999994,1348.8719999999998,5631.1089999999995,3897.7789999999986,2729.27,1707.436,4256.584,3582.679,5960.110999999999,5895.918000000001,3611.284999999999,3586.152999999999,1561.025,4114.995,4800.25,2491.799,486.767,3076.7239999999997,4553.063,4531.921,2725.637,1702.067,3122.5919999999996,1802.137
38.0,5695.504,1957.9619999999993,3966.496999999999,1372.0189999999998,590.201,2839.064999999999,5884.806,1974.7109999999998,2369.2219999999998,1061.6979999999999,2122.3709999999996,3393.795,3952.479999999999,1010.9420000000001,1847.423,4758.951999999999,758.3509999999999,1617.0389999999998,825.961,3874.783,2592.387999999999,1365.3770000000002,754.902,434.464,1118.799,1440.442,6041.091,2976.642,1224.1670000000001,965.884,1404.187,3193.8219999999997,1124.617,4100.827,943.317,3109.173,768.475,1781.5959999999998,1811.7720000000002,1416.176,5077.171,3660.4189999999994,4063.1349999999993,2604.719,3002.854,2757.798,1014.668,3702.8280000000004,3081.665000000001,6401.628000000001,4985.687999999999,3530.530999999999,6428.6359999999995,6126.098999999998,3332.9919999999997,3268.7989999999995,1349.127,1298.412,2545.079,1487.8760000000002,2358.144,2781.8089999999997,2358.71,872.9920000000001,2227.455,2002.0380000000002,5268.435999999999,3012.929,839.3439999999999,3002.0969999999993
39.0,1611.5539999999999,6519.245999999999,1978.185,5289.912,5213.8,5466.804,4341.005999999999,5173.287000000001,3373.846,3716.7280000000005,3151.8379999999997,2205.3399999999997,1795.214,3905.8740000000007,2791.4119999999994,3221.5490000000004,5385.637,5893.916000000001,5477.818,2810.084,6861.436000000002,3546.213,4659.563,4526.281999999999,4840.547,4126.3009999999995,2933.1480000000006,6045.4169999999995,4045.5220000000004,5593.17,5690.09,6730.213000000001,5762.130999999999,475.644,4055.421999999999,2207.6389999999997,4315.3949999999995,3076.5249999999996,3190.25,4358.775000000001,4009.039,6578.951999999998,1133.605,4361.763,7573.039999999999,2668.4530000000004,5096.25,2970.9240000000004,5735.636,3293.6850000000004,4033.516000000001,1405.164,2218.987,4721.649999999999,6424.0909999999985,6609.341999999999,5923.191000000001,5898.058999999998,4302.1230000000005,5109.550999999999,6503.156,5056.530000000001,3228.716999999999,4235.8240000000005,6591.178,4966.631,3868.0179999999996,4443.807,5434.4980000000005,2100.563
40.0,6493.811000000001,3294.274999999999,5756.879999999998,1360.854,1940.105,399.82099999999997,7879.355999999999,691.68,4553.273,2730.695,3607.109,4863.693999999999,5583.099999999998,2201.554,2932.337,6753.501999999997,2727.0649999999996,1799.2269999999999,2268.209,6058.834,1766.9650000000001,2689.972,2048.043,2209.761,3302.85,3624.4929999999995,7282.052,950.9460000000001,1838.2290000000003,3149.9349999999995,3588.2380000000007,1635.7419999999997,2276.895,4899.133999999999,2937.867,4205.859,2550.159,3090.306,2371.853,1413.4689999999998,7261.222000000001,1484.481,5159.821,4788.7699999999995,3881.205,4752.348,1797.784,5886.878999999998,641.1650000000001,7642.588999999999,7169.738999999999,4627.217,7226.942999999999,8259.999999999996,1329.62,1514.871,3444.651999999999,2704.8639999999996,4729.129999999999,1200.546,1408.6850000000002,4965.859999999999,4542.7609999999995,2171.1,2317.3519999999994,599.018,7402.957999999999,5196.979999999998,3023.394999999999,4098.782999999999
41.0,4613.661,3228.7799999999997,3324.4659999999994,2270.9519999999998,1960.3129999999999,2854.6229999999996,5548.567,2197.022,2478.934,426.26199999999994,1174.6949999999997,2431.2799999999997,3150.6859999999997,749.5899999999999,765.5799999999999,4422.712999999999,2095.171,2874.9559999999997,2224.3309999999997,3984.495,3850.305,271.29999999999995,1406.076,1272.7949999999998,1672.783,1550.1539999999998,4917.387,3433.2359999999994,922.344,2302.7039999999997,2399.624,3805.5039999999995,2471.665,3018.984,764.956,2027.33,1024.9289999999999,657.892,729.929,1235.597,5186.883,3966.771,2981.2919999999995,2827.7760000000003,4282.574,2421.5589999999997,1842.763,3821.4,3123.4550000000004,5277.924000000001,5201.797999999999,2448.688,5346.792999999999,5929.210999999999,3811.91,3826.1629999999996,2632.725,2607.5930000000003,2768.136,2090.591,3578.446999999999,3129.3219999999997,2468.4219999999996,982.337,3572.2179999999994,2107.779,5072.169,3235.986000000001,2144.032,1920.254
42.0,6108.305999999999,2828.3959999999997,3648.5029999999992,4389.889999999999,3691.1929999999993,5941.313,5565.572999999999,5075.703,1895.5510000000002,3560.6369999999993,2741.97,3092.6620000000003,3633.2469999999994,3964.7529999999992,3987.261,4439.719,3051.1579999999994,4474.706,3554.774,2621.896,5066.9349999999995,3531.419,3905.287999999999,3613.4560000000006,2538.796,2207.3500000000004,5908.170999999999,6077.634000000001,4374.553,3117.504,2450.9489999999996,5801.348,3643.1109999999994,4650.138000000001,3077.2109999999993,3462.1059999999993,3425.367999999999,3258.4999999999995,4200.215,4566.561999999999,3828.941999999999,6761.411,4252.961,905.914,3880.0599999999995,2515.0520000000006,4115.66,2300.5270000000005,6182.656999999998,6268.707999999999,3583.387,3835.0789999999997,6627.512999999998,5346.860999999999,6433.983999999999,6369.791,2660.264,3148.922999999999,1302.778,4588.8679999999995,4965.67,1059.346,2061.381,4023.378,4243.807999999999,5111.635,4489.198,770.5400000000001,2685.362,3355.0299999999993
43.0,33.426,7666.316999999997,2875.9479999999994,6436.983,6360.870999999998,6613.875,3213.9080000000004,6320.357999999999,4430.525999999999,4863.799,4298.909,3259.2909999999997,2536.8279999999995,5052.945,3938.482999999999,2095.853,6532.707999999999,7040.986999999999,6624.888999999998,3551.6979999999994,8008.5070000000005,4693.284,5806.633999999999,5673.353,5987.617999999999,5273.371999999999,1802.9290000000003,7192.487999999998,5192.593,6740.240999999998,6837.160999999998,7877.283999999999,6909.201999999998,1622.7150000000001,5202.4929999999995,3305.0409999999997,5462.4659999999985,4223.596,4337.321,5505.8460000000005,2883.886,7726.0229999999965,2034.9110000000003,5417.823,8720.110999999999,3726.481999999999,6243.320999999999,3868.6869999999994,6882.7069999999985,2163.4659999999994,3650.549,2468.332,1086.7730000000001,3594.5519999999997,7571.161999999997,7756.412999999997,7070.261999999999,7045.1299999999965,5358.802999999999,6256.6219999999985,7650.226999999998,6102.277999999999,4284.544999999999,5382.894999999999,7738.248999999998,6113.702,2740.9200000000005,5499.048,6581.568999999999,3197.9649999999997
44.0,7776.397999999998,1811.8629999999998,5884.327,1447.883,1892.6749999999997,2401.9500000000003,7802.6359999999995,1726.2700000000002,4156.608,3151.777,4139.877,5311.624999999999,5870.309999999999,2951.03,3928.316999999999,6676.781999999997,1720.7379999999998,805.418,1570.3219999999997,5318.115999999998,575.099,3446.2710000000006,2286.1309999999994,2400.4209999999994,2412.718,3061.452,8086.102,2040.5149999999996,2721.6700000000005,1993.376,2341.4860000000003,1500.5749999999996,1124.6970000000001,6181.7210000000005,3030.376,5190.067,2857.0480000000002,3862.4900000000007,3795.9519999999998,2535.6279999999997,6525.162,2608.3260000000005,6144.029000000001,3898.6380000000004,2013.8790000000001,4675.628,1795.899,4996.746999999998,2413.6960000000004,8446.639,6279.606999999998,5611.425,8509.529999999997,7770.636999999999,2275.6050000000005,2211.4120000000003,2105.9339999999997,1411.091,3838.9979999999996,1544.725,771.659,3717.946,4265.3589999999995,2810.3430000000003,280.578,1901.2310000000002,6912.973999999997,4306.848,1889.8770000000002,5082.991
45.0,7238.8369999999995,1603.86,5355.195999999999,910.322,1359.396,2017.3129999999999,7273.504999999999,1164.949,3627.4770000000003,2622.6459999999997,3610.746,4782.494,5341.178999999999,2413.4690000000005,3390.7559999999994,6147.650999999999,1191.607,244.09699999999998,1037.0430000000001,4788.984999999999,996.771,2908.71,1752.8519999999999,1871.2899999999997,1883.5869999999998,2532.321,7556.971,2138.145,2184.1089999999995,1596.7339999999997,1994.052,1598.2050000000002,595.566,5644.16,2501.245,4652.505999999999,2327.9170000000004,3324.9290000000005,3258.3909999999996,1998.0669999999998,5996.031000000001,2705.956,5606.468000000002,3369.507,2190.9680000000003,4146.496999999999,1258.338,4467.616,2258.657,7917.508000000001,5750.475999999998,5073.8640000000005,7971.968999999997,7241.505999999999,2373.235,2309.0420000000004,1758.5000000000002,1014.449,3309.867,983.404,762.5269999999999,3370.512,3736.228,2281.212,699.0050000000001,1339.9100000000003,6383.842999999998,3777.717,1493.2350000000001,4545.429999999999
46.0,48.552,7877.2059999999965,3086.837,6647.871999999999,6571.759999999997,6824.763999999999,3229.0340000000006,6531.2469999999985,4641.414999999998,5074.687999999999,4509.798,3470.18,2747.716999999999,5263.833999999999,4149.371999999999,2110.9790000000003,6743.596999999998,7251.875999999998,6835.777999999997,3762.586999999999,8219.396,4904.172999999999,6017.522999999998,5884.241999999999,6198.506999999998,5484.260999999998,1818.055,7403.376999999997,5403.481999999999,6951.129999999997,7048.049999999997,8088.172999999998,7120.090999999998,1833.604,5413.381999999998,3515.93,5673.354999999998,4434.484999999999,4548.21,5716.735,2899.012,7936.911999999996,2245.7999999999997,5628.711999999999,8930.999999999998,3937.3709999999987,6454.209999999998,4079.575999999999,7093.595999999998,2178.592,3861.437999999999,2679.221,1101.8990000000001,3609.678,7782.050999999996,7967.301999999996,7281.150999999998,7256.018999999996,5569.691999999998,6467.510999999998,7861.115999999997,6313.1669999999995,4495.433999999998,5593.783999999998,7949.137999999997,6324.590999999999,2756.0460000000007,5709.937,6792.457999999998,3408.853999999999
47.0,1961.875,5937.431,2037.0249999999999,4841.686,4672.788,5018.577999999999,4410.834,4725.061,2486.232,3165.9119999999994,2557.8790000000004,1317.191,1863.245,3364.8619999999996,2250.4,3291.3770000000004,4834.821,5445.6900000000005,4936.806,2878.115,6413.21,2995.397,4118.5509999999995,3985.2699999999995,4289.731,3546.3999999999996,3002.976,5597.190999999998,3537.6159999999995,5042.354,5139.273999999999,6281.986999999999,5211.3150000000005,412.505,3504.6059999999998,1353.7240000000002,3764.5789999999993,2525.7090000000003,2657.3269999999998,3850.8689999999997,4078.8349999999996,6130.725999999998,880.7449999999999,3474.1489999999994,6989.094999999999,1780.304,4555.237999999999,2718.031,5287.409999999999,3363.5130000000004,4100.004,517.015,2569.308,4791.477999999999,5975.864999999999,6161.115999999999,5372.375,5347.243,3414.5089999999996,4661.325,6054.929999999999,4168.381,2341.103,3694.8119999999994,6142.951999999999,4518.405000000001,3937.8460000000005,3556.1929999999998,4883.682,1246.6480000000001
48.0,4118.373999999999,3823.3019999999997,1664.343,3531.979,2833.282,5034.8009999999995,3581.4129999999996,4217.7919999999995,247.48399999999998,2458.2299999999996,1574.725,1092.0210000000002,1649.0870000000002,2862.8869999999993,2820.1259999999997,2455.559,2689.693,3769.3039999999983,2916.3730000000005,1438.365,4650.455999999999,2375.962,2950.6379999999995,2755.545,2106.0820000000003,1313.2180000000003,3918.2389999999996,5219.723000000001,3309.0989999999993,2897.226000000001,2994.146,5251.890000000001,3066.1870000000004,2608.9429999999993,2119.8740000000003,1558.825,2468.031,2091.365,3033.0799999999995,3611.321999999999,2640.7529999999997,5903.5,2261.9809999999998,1234.7579999999998,4877.0960000000005,460.479,3257.749,1275.27,5303.633,4278.775999999999,2655.6679999999997,1780.5059999999999,4637.580999999999,3689.681,5576.072999999999,5511.88,3227.247,3202.1150000000002,1176.987,3730.9570000000003,4416.212,2105.892,100.683,3014.3049999999994,4169.025,4197.774,2832.018,1315.983,2738.5540000000005,1740.8780000000002
49.0,3131.4180000000006,4692.424,3469.9320000000002,3463.09,3386.978,3639.9819999999995,5843.740999999999,3346.465,2808.2259999999997,1889.906,1325.0159999999998,2578.5529999999994,3296.1520000000005,2079.052,964.5900000000001,4724.284000000001,3558.815,4067.0939999999996,3650.996,4311.021999999999,5034.6140000000005,1719.391,2832.741,2699.46,3013.725,2299.4790000000003,4435.883000000001,4218.594999999999,2218.7,3766.348,3863.2679999999996,4903.3910000000005,3935.3089999999997,1536.7409999999998,2228.6000000000004,1359.69,2488.573,1249.703,1363.4279999999999,2531.953,5511.742,4752.129999999999,2313.652,3159.496,5746.218,2727.143,3269.4280000000003,4149.36,3908.814,4796.42,5529.804999999999,1781.0479999999998,3864.55,6224.3849999999975,4597.268999999999,4782.52,4096.369,4071.2370000000005,3099.856,3282.729,4676.334,3812.633999999999,2797.714,2409.0020000000004,4764.356,3139.809,5370.753,3567.706,3607.6759999999995,1252.614
50.0,7492.483999999998,3071.1820000000002,5956.21,1155.3349999999998,1734.5860000000005,1302.768,7874.5189999999975,1060.0800000000002,4347.754,3157.865,4095.378999999999,5351.964000000002,5942.192999999999,2667.116,3644.402999999999,6748.664999999998,2507.593,1576.1340000000002,2048.737,5853.314999999999,1025.992,3162.357,2089.687,2251.405,3097.330999999999,3418.9739999999993,7838.070999999999,620.875,2437.7560000000003,2944.4159999999993,3382.7190000000005,892.3729999999999,2057.4230000000002,5897.806999999999,3067.984,4906.152999999999,2865.0729999999994,3578.5759999999996,3428.042,2166.949,7055.703,1304.6519999999998,5860.115,4583.250999999999,3515.132999999999,4747.511,1592.2649999999999,5681.359999999999,994.056,8198.607999999998,6964.219999999998,5327.5109999999995,8225.615999999996,8104.630999999997,977.225,913.0319999999998,3225.1799999999994,2481.7710000000006,4523.610999999999,1169.901,836.402,4760.3409999999985,4337.242,2635.0060000000003,1874.7290000000003,1241.981,7246.967999999997,4991.460999999998,2817.8759999999997,4799.077
